total_movement,avg_speed,n_events,mean_dt,idle_ratio,turn_angle_mean,speed_std,speed_max,dist_std,efficiency_sub,turn_angle_std,vh_ratio,dir_change_rate,xy_corr,accel_cv,step_autocorr,userId,gameId,session,participant,is_bot,bot_type,round_n,alive_frac_in_window
7076.6850905521,0.04102403220977563,10755,16.73648521886808,0.8553231055323105,0.2246150319020613,0.12021655255006124,1.8086935091270018,1.9723635466550271,0.7549701413967191,0.5618485600840829,1.5206759114240647,0.05681078568107857,0.03148975908505038,4.182589151528496,0.7905619118202343,csgo_S001_P3,S001_P3,S001,P3,0,human,2,0.937336587066411
8004.029498602587,0.047067333882851954,10495,17.151159438125852,0.8426869938065745,0.2107030571072227,0.13763839828846097,1.9877229465049786,2.3129139206418783,0.7044098253077526,0.5308253061773758,1.480249136688213,0.060790852787041445,0.07975376697404125,4.121796904943351,0.7768470512170438,csgo_S001_P4,S001_P4,S001,P4,0,human,2,0.9166739453227356
8550.026924773087,0.04953199413680497,10697,16.706011398591198,0.8272412826025989,0.21775634425763032,0.11941741104967589,1.8730930313322043,2.017874955560169,0.7779300040594754,0.5299519289745938,1.7996118132335632,0.0760026175563242,-0.05812774619646418,3.973365287644694,0.7954597148245008,csgo_S004_P3,S004_P3,S004,P3,0,human,2,0.9329321472178616
8863.26514094169,0.05189299718654631,10666,16.87470682064331,0.8282392649540596,0.29234352544384956,0.14501128922273931,2.018416299331528,2.366211780445708,0.7343100049219459,0.6662809194292121,0.960439702204949,0.07181698856178512,-0.002967526902601779,3.3001585049953417,0.8541084677901638,csgo_S004_P4,S004_P4,S004,P4,0,human,2,0.9301473794366443
9208.515212211076,0.052160337406128056,11082,16.242611502515043,0.8015701136978884,0.30615951428657556,0.12816835938301596,1.898425341195487,2.080750134791376,0.7141594322930374,0.6575172531531421,1.2031561442921468,0.06623353185345605,0.057575105521372495,3.4494513632568875,0.762384982648968,csgo_S005_P2,S005_P2,S005,P2,0,human,2,0.9655833405942319
10045.636912483133,0.059780921593559945,10498,17.146267312689883,0.8240617260430558,0.2684895441768175,0.16686028373311962,2.126301860496206,2.710617684446221,0.7105282770101846,0.5956302540759143,1.4386608191137624,0.0767765288626405,0.016815056686245475,3.5283045719433908,0.7875694287843322,csgo_S006_P1,S006_P1,S006,P1,0,human,2,0.9154966425394611
7450.790126123428,0.04440120172178068,10575,17.021407742983296,0.84,0.27737362778109514,0.11511010861369361,1.6828954048882536,1.868385538084887,0.7679222162169953,0.6241151475134564,2.4876989613876273,0.08520094562647754,0.03241018240424047,3.145429004187761,0.8383399045494324,csgo_S006_P2,S006_P2,S006,P2,0,human,2,0.9206059023243667
7058.342376420017,0.039232334911743626,11212,16.054265159397463,0.8745986443096682,0.21922096441554378,0.12609534582844853,1.9614357735097365,2.0747026198007785,0.8023115437909465,0.5647414114007732,2.5989308564158264,0.060470924009989296,0.01854775369083342,3.497494669265199,0.7678951730127535,csgo_S006_P3,S006_P3,S006,P3,0,human,2,0.975805047867711
16673.780202566788,0.09349974676006308,11010,16.34883886909344,0.7410535876475931,0.25280839259766114,0.21200011141369637,1.9130210513076644,3.5293949723181393,0.7443672115881937,0.5823291016593765,1.105740122421358,0.06357856494096276,-0.03200684233005365,2.665019002122712,0.8484348638342849,csgo_S006_P4,S006_P4,S006,P4,0,human,2,0.9636761487964989
7772.460695581247,0.04491303378750556,10822,16.63287988378854,0.8429125854740344,0.2037605405849743,0.13343681190144555,1.8198450989133477,2.1827190795812967,0.7033361994758847,0.565759021445918,0.8609544580430555,0.04546294585104417,-0.005138684108927793,3.518000378723099,0.8477460910275979,csgo_S007_P1,S007_P1,S007,P1,0,human,2,0.9439162668992586
9400.11663600194,0.05090300706459696,11471,15.691750915028987,0.8367186818934705,0.28952621822746016,0.13837894259060554,1.7518594293301188,2.2899854685501757,0.6924105787908568,0.625219297805109,1.3103172483028618,0.08142271815883532,-0.07999334225706561,3.252741416948267,0.8300204682563821,csgo_S007_P2,S007_P2,S007,P2,0,human,2,1.0
13491.42075264089,0.07595385809558772,11050,16.28823228700948,0.7350226244343891,0.19937813400094992,0.16738045033114868,1.9900877730933275,2.781962159857955,0.7640392895209492,0.52115096139703,1.4620929666791662,0.06108597285067873,0.004818354382018306,3.3694064110111603,0.836425402241136,csgo_S008_P1,S008_P1,S008,P1,0,human,2,0.9648127128263337
3711.422720587884,0.021241807196673537,10904,16.506343892149772,0.9160858400586941,0.10036320651143157,0.08939358259349618,1.9964863991699067,1.4727304790499682,0.7474744475063122,0.38828950143193397,1.0355418758438437,0.026595744680851064,0.07539505968807286,5.291674178741856,0.8022799443460815,csgo_S008_P2,S008_P2,S008,P2,0,human,2,0.9485863418877772
7123.851197982778,0.03991560172685296,11178,16.10309782075824,0.8556986938629451,0.12396406585819503,0.12206907176093847,1.910110776271172,1.9951124071830346,0.7570228607638173,0.42139458232205995,1.3394205698075212,0.03435319377348363,0.03548871887881722,4.100909000541846,0.8830666213347491,csgo_S008_P3,S008_P3,S008,P3,0,human,2,0.972930629297589
8397.399028936894,0.047579713791040916,11065,16.266152631728147,0.7970176231360144,0.21829487150343718,0.12000863725905432,1.8876809998168584,1.9933534861070383,0.8060097176930439,0.5317347913468637,1.1605746446716627,0.0701310438319024,0.008940478862200726,3.5248010043369895,0.9074904657032683,csgo_S008_P4,S008_P4,S008,P4,0,human,2,0.9632628188386873
6500.522566538518,0.04103600870343816,9874,18.23110297786891,0.8470731213287421,0.18951432421216394,0.11430047486532043,1.8653758650740877,1.9001186212308916,0.8008480502748384,0.512370104707827,1.5436196286918695,0.05752481263925461,0.03515116423946044,4.466627305809003,0.8245966695780282,csgo_S009_P1,S009_P1,S009,P1,0,human,2,0.8641694381235778
8303.258481901968,0.04603664913216811,11194,16.079477417710915,0.8402715740575308,0.24144001958530154,0.12397943298307007,1.854649314596221,2.055935234399446,0.7733104575204499,0.5442582803435354,1.5550718510460508,0.08924423798463463,-0.038922703667325594,3.5008841551075998,0.8150030231493304,csgo_S009_P2,S009_P2,S009,P2,0,human,2,0.9806395094174332
8760.14884033341,0.051847388865486545,10543,17.072435755365596,0.7961680736033387,0.22258764876086368,0.12380853819048578,1.9161947149997394,2.055052215392903,0.7590857399752482,0.5509987145741504,1.3827298969568809,0.07066299914635303,0.038703199912998615,3.7830092166923333,0.8579838855764164,csgo_S009_P3,S009_P3,S009,P3,0,human,2,0.9231240696961737
8148.8740681480585,0.04662442531486802,10848,16.55478627660527,0.8329646017699115,0.2315325398680425,0.12397316374599011,2.016484138110085,2.0711877717877423,0.7364268859859766,0.5736589045542898,1.3378363998846234,0.05844395280235988,0.02726735231671364,3.9737049053173643,0.7614527473477123,csgo_S009_P4,S009_P4,S009,P4,0,human,2,0.9494136180640644
8081.478085415916,0.04612495199386313,10956,16.42942893055848,0.8242971887550201,0.2526661958972498,0.11729761382854997,1.911083088360988,1.94162665832442,0.7509027083985329,0.5912533337545064,1.3875713463596977,0.08041255932822197,-0.009641317701822739,3.455557775541259,0.8391298254704911,csgo_S010_P1,S010_P1,S010,P1,0,human,2,0.9540229885057471
9900.590405271843,0.054683385413778395,11103,16.211888507667062,0.8153652166081239,0.24626267670973132,0.14298421716825938,1.7794645411821488,2.4463943463879327,0.6903769346103833,0.6106214620038332,0.8043536235496918,0.062415563361253715,0.022785465964086576,3.444780717254476,0.7678053503714091,csgo_S010_P2,S010_P2,S010,P2,0,human,2,0.9685946087411672
10191.187825559668,0.060895445290189185,10473,17.187202231999095,0.77666380215793,0.2535322023473013,0.14998167334115062,1.9236226134837653,2.458148058092315,0.7602926869607182,0.6015909228400512,1.0444593099277342,0.07361787453451733,0.04281077090875166,3.008073268112417,0.8836891463536016,csgo_S011_P1,S011_P1,S011,P1,0,human,2,0.9133164733583327
8702.593882241186,0.0505058496767182,10691,16.836704677186734,0.8089982228042278,0.27579565782284576,0.12937539030362316,1.785321543110685,2.1703615131035985,0.7883744530804436,0.650277810168895,1.3900067923493777,0.06622392666729024,0.03986105445164168,3.970054051728953,0.6975475873897259,csgo_S011_P2,S011_P2,S011,P2,0,human,2,0.9307042743971446
7725.507451663187,0.042882634329462495,11246,16.0057251615248,0.8358527476436066,0.2590390790334534,0.12438291644587111,1.8999956990024314,2.069919209494107,0.7991276790085254,0.6290978224910777,0.9061663251302742,0.05877645385025787,0.016524655465135898,3.57151116713241,0.8829662858960676,csgo_S011_P3,S011_P3,S011,P3,0,human,2,0.9789345403899722
9800.328802887529,0.055681190543609926,11091,16.229429837782146,0.8067802722928501,0.5032300819001,0.1489511333929652,2.010148926483379,2.41292294236315,0.7935649657344231,0.8419673492417046,1.1117955507016133,0.07005680281309169,-0.023444020012852555,3.056666169520933,0.6377591730625236,csgo_S011_P4,S011_P4,S011,P4,0,human,2,0.9653581686830882
8159.998036675571,0.044593883045214666,11177,16.10537317432091,0.8598908472756553,0.2206390594769185,0.132751692922286,1.9087111269418366,2.2727013820491884,0.7308361182058436,0.5278340808175292,1.2392035813738334,0.06003399838954997,-0.12079967185695752,4.265338531903623,0.7723291066628044,csgo_S012_P1,S012_P1,S012,P1,0,human,2,0.9757311217808817
8633.273103081188,0.0479448534574714,11304,15.923589777805038,0.8309447983014862,0.23193394980849488,0.1243092005416643,1.9116714761776994,2.0422020778368557,0.7539978913703648,0.5966808377762095,0.9644564756191095,0.06342887473460722,-0.01891788583748128,3.2567765033059106,0.905940330432474,csgo_S012_P2,S012_P2,S012,P2,0,human,2,0.983983286908078
7169.792137948934,0.04200829964023727,10599,16.982671480920608,0.8421549202754977,0.29780385018549427,0.11611234400963506,1.7855426189025354,1.9420313821945188,0.7364026205397706,0.6223628968383619,1.1444813716844406,0.07576186432682329,0.06329115957657527,3.953583879129235,0.7995822693693471,csgo_S012_P3,S012_P3,S012,P3,0,human,2,0.924465765372874
7094.362414463365,0.04129624755422472,10646,16.907876844196036,0.8794852526770618,0.108156515821305,0.14401856639512053,1.7932027031618005,2.370557662814634,0.7643991940521536,0.3893862500771058,1.2255346793169124,0.033251925605861356,0.03065062420379432,4.748653397031897,0.8028079866125382,csgo_S012_P4,S012_P4,S012,P4,0,human,2,0.9280795048382878
6929.9272811710425,0.039964695377635535,10769,16.714739339962247,0.8668400037143653,0.23992490706610514,0.11887561046542254,1.8000310349637525,1.9776323887274134,0.776137797135882,0.5770902880007884,1.7756015281458082,0.07911598105673694,0.025288572199110827,3.9789382650834044,0.8306590486499065,csgo_S013_P3,S013_P3,S013,P3,0,human,2,0.9392935019624945
6357.601543535667,0.0341446021408062,11477,15.683542402007642,0.8867299817025355,0.2458413838999872,0.10439092687923898,1.9083097435532572,1.775258121454155,0.8148927322332811,0.5761221058018507,1.7465503918523329,0.07728500479219308,-0.046054180910153744,3.8194145624189293,0.8270834548994808,csgo_S013_P4,S013_P4,S013,P4,0,human,2,1.0
6565.686201426111,0.03802979176768636,10675,16.861938875931273,0.8759718969555035,0.2500267221399514,0.11855503535568934,1.9108270143921553,1.9964161586166236,0.7658191387562525,0.5888669934815566,1.3015631565028678,0.07587822014051522,-0.029766461736003055,3.7778096343569088,0.8505422772887762,csgo_S014_P3,S014_P3,S014,P3,0,human,2,0.9306887532693985
11658.871361576426,0.06446044447350793,11277,15.961717072983413,0.8029617806154119,0.2593784471043973,0.1741945024845758,1.9173549095105058,2.8416866000774728,0.7617702022550357,0.6126600686398391,0.9297875927412179,0.06127516183382105,-0.012238790647184066,3.391001020213051,0.8561408746357948,csgo_S014_P4,S014_P4,S014,P4,0,human,2,0.9841172877214417
7486.718357155611,0.04320360064796626,10875,16.551816012276646,0.8509425287356321,0.25605557669748547,0.12831064360814007,1.9485079346373073,2.087049981473474,0.8001819819368227,0.608930941158719,1.244537539156645,0.05149425287356322,0.06309620727925233,4.110940802685465,0.7697708415394336,csgo_S015_P1,S015_P1,S015,P1,0,human,2,0.9473821761477481
9885.795488957254,0.0560067445869375,10990,16.378604974913813,0.7932666060054595,0.3009946667310697,0.13626151699492497,1.8494748098665768,2.250815558217632,0.7019414949639907,0.6269695573299379,1.738887159901714,0.0656960873521383,0.039886778750716924,3.3439621047145622,0.735187039015454,csgo_S015_P2,S015_P2,S015,P2,0,human,2,0.9595739107657383
17719.394950788446,0.09934014211207882,10974,16.401054659745473,0.7129579004920722,0.345717187651118,0.21390949373292995,1.8781436846641555,3.579242311470621,0.6326966907625093,0.6841368603145951,1.2143600384365059,0.08811736832513213,-0.08493613270767841,2.5428852941278177,0.7992592218606407,csgo_S016_P1,S016_P1,S016,P1,0,human,2,0.9627160277217299
9316.431682130034,0.053235605986100804,11024,16.326661619832297,0.8011611030478955,0.28995370113270363,0.1243784932000216,1.7834979429527946,2.0325930557011818,0.7273797664129736,0.5965677748061243,1.5544102740304293,0.09470246734397678,0.02087926525479206,3.1122061034683974,0.8706772782421444,csgo_S016_P2,S016_P2,S016,P2,0,human,2,0.9592760180995475
4072.257122241492,0.024186532210538594,10546,17.059334117281434,0.907832353498957,0.2605015733671994,0.08052979286488388,1.8591887081204672,1.3403471834603677,0.8147883868875754,0.6117911201789583,1.3082900283588268,0.06855679878626968,0.08415771271504695,4.279447496289814,0.874368787929194,csgo_S016_P3,S016_P3,S016,P3,0,human,2,0.9184811008535099
12990.281292218842,0.07744946478956564,10359,17.254182944666027,0.755285259194903,0.3330229823135383,0.17604426867358589,1.9065917722877903,2.9257245216178003,0.6531983188567689,0.6554260209214917,1.5058890687342033,0.09257650352350613,-0.03996457456474848,2.7662918511201045,0.8252858655815167,csgo_S016_P4,S016_P4,S016,P4,0,human,2,0.9073311728124727
9372.827936697067,0.053498425321150594,10958,16.425008733443974,0.8329987223945976,0.4390297684608401,0.15581320960651612,1.891995069024416,2.543945314590589,0.7681636599143463,0.7992301415516329,0.9637930722902096,0.0681693739733528,0.05409921033535398,3.304969222061698,0.6139058298319702,csgo_S017_P1,S017_P1,S017,P1,0,human,2,0.9551120020918679
8971.669440436526,0.0514730651955078,10855,16.580878875472646,0.8076462459695992,0.2485609374954735,0.13072014175155816,1.8900000467037763,2.1848057530019473,0.7113885721676512,0.614353569655502,0.981580361858421,0.06365730078304929,0.013265645350541894,3.4133294835075776,0.8681086912192121,csgo_S017_P2,S017_P2,S017,P2,0,human,2,0.9466294584459755
8607.62582744367,0.04928227806082437,11003,16.357835290466173,0.8265927474325184,0.2836703291602766,0.13698115382862158,2.0335434204766067,2.215940317914618,0.762042381730153,0.651948444098152,0.749696786825378,0.05425792965554849,0.010958733819270065,3.5267206211835664,0.8419670626098228,csgo_S017_P3,S017_P3,S017,P3,0,human,2,0.9578654130756508
4736.620840449843,0.02809833908196543,10523,16.943670105475984,0.9117171909151383,0.3001637732049354,0.10469150432920375,1.9842460145326613,1.7167728133413787,0.7661093735690839,0.6734944762827124,1.2874351568616758,0.06233963698565048,-0.03836687142385223,4.760549499453611,0.6610099986342082,csgo_S018_P1,S018_P1,S018,P1,0,human,2,0.9158398607484769
11091.139375344552,0.061214487040365126,11410,15.775654919670142,0.8078001752848378,0.3198398528791858,0.15805888048376293,1.8152299760490342,2.56068677165997,0.6445631402761979,0.6495203598931991,1.6860332608477997,0.06397896581945661,-0.0068863164854277206,3.3237021314083486,0.6709986935954823,csgo_S018_P2,S018_P2,S018,P2,0,human,2,0.9938158696977615
8223.18567834774,0.04971437157188832,10260,17.542532035351453,0.8266081871345029,0.2546853257053421,0.1344661264713041,1.8418286274431874,2.241130951853863,0.7237892013312947,0.6094029147204046,1.1833806019679682,0.05604288499025341,0.08864707767330092,3.902109674366913,0.7633838045946928,csgo_S019_P1,S019_P1,S019,P1,0,human,2,0.8955223880597015
6970.527780021735,0.04392862756792301,9883,18.211787600308604,0.8329454619042801,0.2518403616785529,0.12067655308122731,1.6419278962533348,2.0164150574635173,0.7361624686486955,0.5998565150934175,0.9870781225541756,0.067590812506324,0.050575538694791235,3.574265265723016,0.8612273330883231,csgo_S019_P2,S019_P2,S019,P2,0,human,2,0.8614137540312037
9871.130597103369,0.056065833746527315,10893,16.523039353746306,0.7972092169283026,0.3250136377357187,0.1375035134858998,1.9137360747677492,2.3135570347064203,0.6767551542168928,0.6791717708927035,0.9060229778581967,0.08702836684109061,-0.06911084394896819,3.194754149859838,0.8263536321266811,csgo_S019_P3,S019_P3,S019,P3,0,human,2,0.951686178577669
6725.6218759247695,0.04135781514276419,10180,17.49928897759122,0.8426326129666012,0.24757601582479777,0.11588901896300842,1.9027083041866812,1.9008814291921783,0.7208458615684677,0.5846886381886687,1.3106282776650116,0.06591355599214145,-0.026392677243676787,4.072180239560572,0.7879404206048399,csgo_S019_P4,S019_P4,S019,P4,0,human,2,0.8862192043179246
11601.806730219614,0.06806225104306642,10442,17.238230926566132,0.7688182340547788,0.32779210320352425,0.16067478840399305,1.9125918864075007,2.71632053211041,0.6535737137111516,0.6545514120426429,1.6899693990414721,0.08733959011683586,-0.028290794536516388,3.361931267501524,0.727988939609709,csgo_S020_P1,S020_P1,S020,P1,0,human,2,0.9161256360765047
9570.146103089613,0.053718564276859684,11035,16.279227463106963,0.8197553239691889,0.3103605369945553,0.14558279514779135,1.8865237586969679,2.419941253726745,0.6832327636624689,0.6276511163270487,1.1826551037933097,0.07838695061169007,-0.05587897557334848,3.7090915392633046,0.8412471727114122,csgo_S020_P2,S020_P2,S020,P2,0,human,2,0.9630825624018153
7724.675768018518,0.04574964421598053,10548,16.89609591359099,0.8348502085703451,0.2720144495740375,0.12274859193971877,1.9347273160571563,2.047919750539007,0.7725248938125466,0.6057247161990738,2.099651198312589,0.07593856655290103,0.028681429658611802,3.8514280717658713,0.8146506256713184,csgo_S020_P3,S020_P3,S020,P3,0,human,2,0.9184952978056427
10020.103007683469,0.06379776080474116,9709,18.53818988253814,0.7805129261509939,0.4072721314801883,0.14994918294217846,1.9157774770122813,2.5044261966658263,0.6868350159089562,0.7329832238485944,1.4570015833936796,0.06746317849418065,0.01237085718248616,3.341201230559999,0.6234506144309699,csgo_S020_P4,S020_P4,S020,P4,0,human,2,0.8474295190713101
8306.253377238247,0.049394203402042605,10427,17.26303178830522,0.8119305648796394,0.2095681977329786,0.12957445513401208,1.9279085523242507,2.180159068401504,0.7926484848364702,0.5509945297511576,1.2441346545804028,0.050254147885297785,0.017005144658932804,4.036800699984662,0.7646057966565432,csgo_S021_P1,S021_P1,S021,P1,0,human,2,0.9093842665271237
8414.901296011747,0.04708491385954305,11150,16.142143709304605,0.8215246636771301,0.2660386176239252,0.11708978963750226,1.879576070155498,1.964161294377874,0.8065474740756555,0.620523921945571,2.2424216540883775,0.0642152466367713,-0.02343496962377968,3.4005548655423667,0.836614759528614,csgo_S021_P3,S021_P3,S021,P3,0,human,2,0.971931659693166
7275.481631538456,0.04094827230113924,11126,16.176967621668442,0.8422613697645156,0.2441069623813265,0.10777461666410836,1.931911610265026,1.7910015267802535,0.7927205758684864,0.5743514172479348,1.4747118479322254,0.06498292288333633,-0.008385009964961675,3.89399720170844,0.8653164891178463,csgo_S021_P4,S021_P4,S021,P4,0,human,2,0.9683202785030461
10348.307222137475,0.05876598286366738,10791,16.680665626234298,0.8249467148549717,0.3019182020353613,0.15284414745912167,1.930608892514609,2.5885328520688944,0.7570462267176283,0.6474747321849657,1.5896240755207414,0.07756463719766472,0.045412401199409674,3.434977120274596,0.7999723503425825,csgo_S022_P1,S022_P1,S022,P1,0,human,2,0.9439293212036389
8784.428572471043,0.04902491933245179,11267,15.975889654807427,0.7994142185142451,0.24169239233240233,0.1245733924327865,1.9005495823042398,2.0452270117557765,0.7867242127327068,0.5813428288513073,1.1709474809252784,0.07286766663708175,0.08824883535258651,3.314032514410914,0.81091057621183,csgo_S022_P2,S022_P2,S022,P2,0,human,2,0.9807625348189415
4634.48439814899,0.02695300509866236,10490,17.159346326605853,0.9265967588179218,0.1247141833571842,0.11996938459309316,1.799100353495256,2.0035697212412606,0.696628832542151,0.43855922116604645,1.6814655417820432,0.03145853193517636,0.04907883990872365,4.921820994569702,0.738261768431194,csgo_S022_P3,S022_P3,S022,P3,0,human,2,0.9144799930258913
4285.3091380649175,0.02444127128204626,10788,16.53176398803414,0.9094364108268447,0.16865404874158335,0.09415491183922402,1.8117883258506546,1.6106981112828571,0.767400974578338,0.5158457436767584,1.359820273233265,0.047089358546533185,0.06189853123307087,5.899136657050283,0.7396818241910035,csgo_S022_P4,S022_P4,S022,P4,0,human,2,0.9385766486862711
9372.174659120876,0.054829696868860196,10665,16.877752020235896,0.8011251758087201,0.2703921014636404,0.1444435727887956,1.9145853449720018,2.3611171117111485,0.7573480875456263,0.6345146603174663,0.9267278898751095,0.06441631504922644,-0.002392646322897082,3.5650726935718233,0.7782623809200606,csgo_S023_P1,S023_P1,S023,P1,0,human,2,0.9304658872797068
8772.778495746817,0.04964557372979163,11088,16.233817808634836,0.8382936507936508,0.2704184000426271,0.14227274493311187,2.0243228601037933,2.3019898114333626,0.7946489121306557,0.61933351572385,1.6148862433659528,0.0689033189033189,-0.07169949005548992,3.462348289487388,0.8260811673663673,csgo_S023_P2,S023_P2,S023,P2,0,human,2,0.9656013236958982
7446.665815065042,0.0442252349103537,10482,17.17243745154297,0.8328563251287923,0.19315282131733344,0.12279253639224713,1.5664015689105066,2.035742512094515,0.7876897678276304,0.4996852855509713,1.1018181304839292,0.05514214844495325,0.010471136556037297,4.1295035039152115,0.8253471306832723,csgo_S023_P3,S023_P3,S023,P3,0,human,2,0.9134640522875817
9419.700590118866,0.05259223678451116,11062,16.255030273799385,0.8239920448381848,0.2640798136701072,0.14403721878866624,1.863099791288278,2.4007204082739912,0.7215336327260903,0.6262641055967844,1.52583910110978,0.0599349123124209,-0.0015577011784475097,3.350633166015468,0.7023234400675511,csgo_S024_P1,S024_P1,S024,P1,0,human,2,0.9667045355239011
5152.461300584178,0.029006537828935076,11097,16.22065532729631,0.8755519509777417,0.21214473485900112,0.08773087757739546,1.8017116879698587,1.4582129698441109,0.7179398714393328,0.5787628476081514,1.4050366228689515,0.06217896728845634,-0.10884028195422724,4.37107392935281,0.8063191757277892,csgo_S024_P2,S024_P2,S024,P2,0,human,2,0.9658804073461572
7775.12194234356,0.04356499867975324,11231,16.027103224512665,0.8298459620692725,0.20539242059169208,0.11265630916632718,1.9010670136429442,1.8232996155536436,0.7922578437662334,0.5317964022148727,1.4545082619560903,0.06348499688362567,0.04066904442621645,3.3278787799375635,0.8526344612784561,csgo_S025_P1,S025_P1,S025,P1,0,human,2,0.9782248933019771
9618.792149545887,0.05346759453956162,11143,16.153685119443832,0.8315534416225433,0.28479094846912845,0.1497215603876013,1.916857800387464,2.466004382208787,0.7709206220399172,0.6289237658986369,0.9892126163915038,0.07322983038678992,-0.011697339321813641,3.2342363032545065,0.8190230961394058,csgo_S025_P2,S025_P2,S025,P2,0,human,2,0.9730178134823612
15099.349849481998,0.08614656129945367,10838,16.608318754187618,0.7505074737036354,0.2623691126552208,0.1994251708698701,1.828562764814331,3.3159467868052492,0.6860489907488054,0.6109675927516296,1.2124305854442583,0.06763240450267577,-0.06477920290131085,2.6636164970935194,0.8163115791069473,csgo_S025_P3,S025_P3,S025,P3,0,human,2,0.9477918670747705
9533.490821795967,0.056519255218746664,10476,17.182276056652114,0.8059373806796487,0.27079667034363275,0.1407988953024908,1.8651901775958977,2.332276306939197,0.7564819977794925,0.6015549347276382,2.1545094579186586,0.07311951126384116,0.016945702443632034,3.163597106840886,0.7854513026036819,csgo_S025_P4,S025_P4,S025,P4,0,human,2,0.913578093660068
8015.172800712128,0.046264067357137464,10903,16.509297975013457,0.8300467761166651,0.4563709942702338,0.12421751742201957,1.831648250474579,2.026324879294839,0.699320959785783,0.8326261776360849,0.7262173430235547,0.08933321104283225,0.017102955619919036,2.937103649319324,0.7240037967825537,csgo_S026_P1,S026_P1,S026,P1,0,human,2,0.949821413015071
9155.872970239841,0.05358846220302902,10673,16.86510149865017,0.7815984259346014,0.23984686429625135,0.12481495151457757,1.7884606339162463,2.071420178971259,0.7595239258211132,0.5880546589092778,1.2979466517034732,0.06961491614353978,-0.003462250545339237,3.392515399084593,0.8343059028358508,csgo_S026_P2,S026_P2,S026,P2,0,human,2,0.9305955183538234
9812.503649403545,0.055637986317267255,10979,16.393582855590207,0.8047180981874488,0.281991358484346,0.14147509689973273,1.9190592379349434,2.3463045776484104,0.7195638140131752,0.6107550694998763,1.3936813555312382,0.0769651152199654,0.04935380905099833,3.3735069302064136,0.8504125122506201,csgo_S026_P3,S026_P3,S026,P3,0,human,2,0.9582787815309418
11135.150086906973,0.06456368869058561,10670,16.869844769735046,0.7802249297094658,0.275398164989121,0.15617925336945432,1.7995696016955407,2.621050350831598,0.6828071708502423,0.6014375500381649,1.3812670354490606,0.08200562324273665,-0.004921898009194806,3.057957071580415,0.8265646670065576,csgo_S026_P4,S026_P4,S026,P4,0,human,2,0.9311458242429531
8774.453449137576,0.050830382300731315,10719,16.792727033630797,0.8317940106353204,0.26747676625696776,0.1387848383709503,1.8830911983302143,2.311188653211362,0.723237318828154,0.6084522442623964,1.4150983744766235,0.07705942718537177,0.04731730056452323,3.6546707285095805,0.7522824587644584,csgo_S027_P1,S027_P1,S027,P1,0,human,2,0.9342804846160551
7257.161212938196,0.041816430784346346,10839,16.605356629939347,0.8474951563797398,0.23773703498640095,0.11865253133206027,1.8677665806987138,1.9390796858248056,0.7336062003231826,0.5741333867118344,1.342637658374996,0.06476612233600886,-0.009741023181878914,3.5829237867246646,0.8246283549076701,csgo_S027_P2,S027_P2,S027,P2,0,human,2,0.9446574864911975
8774.453449137576,0.05083036398453275,10719,16.792733084960158,0.8317940106353204,0.26747676625696776,0.1387847883640968,1.8830905178697848,2.311188653211362,0.723237318828154,0.6084522442623964,1.4150983744766235,0.07705942718537177,0.04731730056452323,3.6546707288557765,0.7522824587644584,csgo_S027_P3,S027_P3,S027,P3,0,human,2,0.9342804846160551
10053.530848810424,0.058398976006305836,10714,16.800575274690377,0.779820795221206,0.30356714561017584,0.13564885477507663,1.9243718726638654,2.255110757451816,0.6889562009806167,0.6267960582271764,1.1486626349719429,0.08418891170431211,0.02232400052726691,3.02325265720961,0.8514904038693052,csgo_S027_P4,S027_P4,S027,P4,0,human,2,0.9351488173169241
10862.764273288723,0.06295772167494798,10746,16.647277528956607,0.7823376139959054,0.26114002496286065,0.16167707364469278,2.4846660082059446,2.656917966172889,0.7001488077882143,0.5895620687773636,1.148672202372012,0.06541969104783175,0.06970881959416414,3.203493128447723,0.7693069418916172,csgo_S028_P1,S028_P1,S028,P1,0,human,2,0.9378600104730319
7756.483926535298,0.043463089762041766,11038,16.307362842341295,0.8569487225946729,0.32500099820363165,0.12965081420063065,1.8739823632752675,2.171539108107717,0.7393961405018334,0.6735429418615961,1.5775124511072027,0.07872803044029715,-0.040498206751622925,4.227739560765907,0.7295992476076338,csgo_S028_P2,S028_P2,S028,P2,0,human,2,0.9627562145660706
10131.709196888432,0.05937745925397319,10485,17.167527999595492,0.8164043872198379,0.31985294332252695,0.15897305235821788,2.011796865129593,2.6881632339467463,0.6985964398832866,0.6460183793565146,1.408537603173153,0.08078206962327134,0.06076595303642118,3.2671243715763807,0.7896876335442753,csgo_S028_P3,S028_P3,S028,P3,0,human,2,0.9156405554100079
9289.244484343002,0.05858865906141929,9792,18.38263399807298,0.8097426470588235,0.2899335552778274,0.1555567721345219,1.9125445250482924,2.6050500300418236,0.7372356266200251,0.6498255498495967,1.0039691979206486,0.07107843137254902,0.024078004626028597,3.159596219307196,0.8008780699690501,csgo_S028_P4,S028_P4,S028,P4,0,human,2,0.8553459119496856
10029.170929702877,0.058344182608281614,10639,16.919004328195197,0.8021430585581352,0.24055156790542148,0.15282442102624427,1.9199603419533784,2.5341424610798757,0.6693380611609416,0.5940194058765986,1.0662806785716605,0.06410376915123601,0.011580670132300777,3.105149739427594,0.8241900995644738,csgo_S029_P1,S029_P1,S029,P1,0,human,2,0.9294950200943561
3390.6698483453065,0.01975465215041044,10909,16.498785996508317,0.9180493170776424,0.2062175180274907,0.06811087564373693,1.633468221025271,1.0926693305265986,0.8488061895271881,0.5653598677778211,1.4199272764217936,0.04684205701714181,-0.04426878663537709,4.72479569887572,0.873784205679422,csgo_S029_P2,S029_P2,S029,P2,0,human,2,0.9481964363320295
9897.708248037838,0.0545696169825846,11318,15.90389425220832,0.8124226895211168,0.2761773059277807,0.1438125401698586,1.876526920525021,2.3637698490589254,0.7252969055795435,0.6298328044209867,1.0759563671284802,0.07739883371620428,0.007459228739812902,3.5019990358223527,0.8078203707077098,csgo_S029_P3,S029_P3,S029,P3,0,human,2,0.9857167740811705
9374.576992546245,0.05405535268600285,10890,16.527574943408588,0.811386593204775,0.29351794535797715,0.1387262687352052,1.8365513730342002,2.261840906684784,0.8320756507222656,0.6447026321430795,1.1387177683253198,0.07134986225895316,0.06327495199810731,3.392847238692548,0.8922923239392322,csgo_S029_P4,S029_P4,S029,P4,0,human,2,0.948110743513843
12836.357725124606,0.07380621161173634,10786,16.688397693969993,0.7665492304839607,0.26228962267996475,0.17703196145203243,1.9699840980853707,2.9315973779134947,0.735136860886583,0.5883125346822273,0.8625345886807354,0.0666604858149453,0.022743632550093804,3.073183856463255,0.8200527885004311,csgo_S030_P1,S030_P1,S030,P1,0,human,2,0.9425849864546011
5985.891884766916,0.03775842251621776,9792,18.382634118209882,0.8623366013071896,0.20141481719452953,0.10966866198654794,2.034061619903404,1.8560016132390578,0.7445428615363292,0.5035293174218962,2.048352502506483,0.06954656862745098,-0.05965057266689077,4.706495132729416,0.6894050422498341,csgo_S030_P2,S030_P2,S030,P2,0,human,2,0.8532589752527013
10506.64579838718,0.05866764761457677,11307,15.919366458050483,0.7881843106040506,0.30080772831646047,0.14306958745769482,1.8744199111902378,2.3050085449625715,0.7020497406436096,0.6469631134090641,0.8307423042361658,0.08578756522508181,0.04294319169038093,3.028040085600123,0.9020677139223803,csgo_S030_P3,S030_P3,S030,P3,0,human,2,0.9842444289693594
7849.734622856789,0.044869806424557276,10995,16.229022138521565,0.821919054115507,0.18225801650472906,0.1177836091425782,1.8951849789572779,1.941038058021474,0.7747945908239049,0.4804263299304222,1.1247800028584942,0.04847658026375625,0.007475462208633943,3.4534172496117175,0.8877907736985167,csgo_S030_P4,S030_P4,S030,P4,0,human,2,0.9567525234946049
8612.085398849882,0.04748908293089934,11227,16.03281382514276,0.8304088358421662,0.20721351610161104,0.13285198441784493,1.8779043293612898,2.2134609151228335,0.7982285649012343,0.5582501868550027,1.1462183981265772,0.05558029749710519,-0.016506287806836138,3.43921791301842,0.8422077789553368,csgo_S031_P1,S031_P1,S031,P1,0,human,2,0.9795829334264026
9164.347663280227,0.05424833973561363,10708,16.809971373457092,0.8031378408666418,0.22368702201851112,0.14546617099491607,1.870215847552732,2.3163366891042774,0.7177711046326091,0.591486852411657,0.7829356070340477,0.054258498319013825,0.11809148261711407,3.2286226383309176,0.8928543791166185,csgo_S031_P2,S031_P2,S031,P2,0,human,2,0.9314544189283229
8938.092256035114,0.05162575413063382,10774,16.706986388677947,0.8256914794876554,0.23527815071352035,0.14377791315986077,1.92525527737197,2.3783252823273013,0.7728272313391981,0.5621550133584166,1.5261453042395332,0.07054018934471877,0.022122788791190753,3.4888467259148292,0.7694403143590467,csgo_S031_P3,S031_P3,S031,P3,0,human,2,0.9380931649978232
6951.2045934077105,0.0394333032486047,11050,16.289652701847974,0.8380995475113122,0.22470714729621205,0.10842707972261219,1.906467661077659,1.769112905670028,0.7722068145667877,0.5718516860135846,1.2490550785724155,0.054841628959276016,-0.009598617359502392,4.3608143684625675,0.8721771028793375,csgo_S031_P4,S031_P4,S031,P4,0,human,2,0.9625435540069687
7793.783029740278,0.045022263647143915,10673,16.86510188839933,0.8230113370186452,0.241480424630315,0.1203869057084789,1.8882633202446129,2.0584831409854645,0.7787498992625241,0.5826446625929078,1.465459890862182,0.06980230488147662,0.0002637354004897733,4.320716551376289,0.6904525748574686,csgo_S032_P1,S032_P1,S032,P1,0,human,2,0.9299468502221835
6142.769357969675,0.035828397091338476,10492,17.156074036194784,0.8578917270301182,0.19487382583858331,0.10342988358643516,1.6959022046757835,1.8205477319091936,0.7444595348743124,0.5597736990414911,1.4432054773584715,0.05385055280213496,0.04936924383277496,4.723135768152385,0.7123558405758518,csgo_S032_P2,S032_P2,S032,P2,0,human,2,0.9149734019359902
10303.028695879098,0.05908145142238996,10863,16.57009503649845,0.7915861180152812,0.25163384445893705,0.14126680067837427,1.8305801028708117,2.3273468499628014,0.7081546521913826,0.5559964347149171,1.4418618608122031,0.0717113136334346,-0.02041114333663368,3.509428931995902,0.814716281786197,csgo_S032_P3,S032_P3,S032,P3,0,human,2,0.9478230520896955
9986.492681357317,0.05890649422216496,10445,16.931073982797813,0.8093824796553375,0.22231498138169878,0.15849338454065465,1.915885194047015,2.6361002768999757,0.6941626884366324,0.5767599323721813,1.789178807533519,0.05619913834370512,-0.01222595642256948,3.452581013496366,0.7624465697887222,csgo_S032_P4,S032_P4,S032,P4,0,human,2,0.91326396782373
8700.17144364459,0.047917463803267044,11382,15.81446075093278,0.8268318397469689,0.276855098873312,0.1319182476285637,1.9007679843102343,2.15676708478737,0.6877300696986293,0.6240792165187939,1.7686093579018536,0.07696362677912494,0.00039850545457426073,3.1673330232074264,0.8043312873606144,csgo_S033_P1,S033_P1,S033,P1,0,human,2,0.9915497865667741
7069.112560491576,0.039920473516246315,10964,16.41743906009457,0.8572601240423203,0.24272385510248276,0.12226266085567312,1.9180214335411898,2.0340384427722835,0.7138523368341709,0.591656108494544,1.6385063443696712,0.06083546151039766,0.005129284882679517,4.057541132345649,0.7661088748158307,csgo_S033_P2,S033_P2,S033,P2,0,human,2,0.9554684095860566
7520.873090328414,0.04288289420954794,10736,16.76323339518565,0.8812406855439643,0.19949656715246009,0.14603367460755795,1.956155419268528,2.4258458005555714,0.7559516165396802,0.5448923154512854,1.6903845887232096,0.05206780923994039,0.05337570969952468,3.840661668725468,0.709488620632077,csgo_S034_P3,S034_P3,S034,P3,0,human,2,0.9378876561544509
10983.048922673217,0.060751141016533214,11295,15.933515879679447,0.802390438247012,0.2608839925100811,0.15421659228554963,1.918125557687247,2.5408733428207873,0.7089275119000716,0.6032532407988502,0.8999678540006135,0.07082779991146525,-0.03179119048694928,3.1686248699211417,0.8754851034975962,csgo_S035_P1,S035_P1,S035,P1,0,human,2,0.984313725490196
7063.825309215465,0.04042326777714977,10985,16.384628805016586,0.8604460628129267,0.35026053075917857,0.1278823759079529,1.921722153817326,2.061296159671258,0.7386516878601996,0.6980537461498699,1.4011141175279849,0.07355484751934456,0.0005232302522220921,3.737214482768923,0.6725715351382999,csgo_S035_P2,S035_P2,S035,P2,0,human,2,0.956964892412231
8222.09578437662,0.04700414842660153,10864,16.56713504933495,0.8308173784977909,0.22184929424147948,0.12467322033203367,1.6975460654801895,2.0763440211094157,0.812097342006913,0.5416701646914559,1.454023301121758,0.061855670103092786,0.026804096348850875,3.760736907416411,0.7653270778707789,csgo_S035_P4,S035_P4,S035,P4,0,human,2,0.9471665213600697
9926.779418356115,0.055460832345063514,11250,15.943084112309677,0.8065777777777777,0.2613545287220446,0.13739073119319348,1.8922015174848734,2.242703093557397,0.7655638348983463,0.5811112863304045,1.4735298735143703,0.0752,0.04050833041589197,3.3350042353928067,0.8965127580837382,csgo_S036_P1,S036_P1,S036,P1,0,human,2,0.979453247431656
12593.59434752657,0.07131130729391871,11110,16.200266280051906,0.7523852385238524,0.2853245688244479,0.16121509487436572,1.9188503672997692,2.6095715217761066,0.7082997363312693,0.615560735687621,0.9175348509600886,0.07173717371737173,-0.04193289388310361,3.085452664211079,0.8426094782161855,csgo_S036_P2,S036_P2,S036,P2,0,human,2,0.9683604985618408
13040.127248749737,0.08618414633321418,9435,19.07661235827454,0.6997350291467939,0.26254236276474713,0.17774752609927527,1.8901526466187506,2.9207499531798193,0.7718270473986163,0.6099157922133175,1.1716770999364337,0.06698463169051404,0.03887092848113332,2.8027648153096663,0.8124522846373023,csgo_S036_P3,S036_P3,S036,P3,0,human,2,0.8243774574049804
11536.149300227728,0.06688128481558307,10681,16.851008824622195,0.7702462316262523,0.2643278605714324,0.16327248419794116,1.8928339396211016,2.73561437621549,0.741400997122458,0.624475263559666,1.1986675758973386,0.07714633461286396,-0.007559535381893862,3.2691008537494937,0.8347851962580962,csgo_S036_P4,S036_P4,S036,P4,0,human,2,0.9326755151938526
6970.586634027675,0.039552183519125574,11098,16.21919179607452,0.8577221120922689,0.24264722215302634,0.11926253730847362,1.9200638453483025,1.937968381021845,0.803266180511285,0.5624248770224395,1.3588348110614374,0.08226707514867544,-0.05121344194520127,4.283587370743487,0.8655024188185287,csgo_S037_P1,S037_P1,S037,P1,0,human,2,0.9653792623521225
9029.949676640903,0.050075951354204916,11189,16.087269569550134,0.8424345339172401,0.2804287157857727,0.13978215915206424,1.8664196133432218,2.3179242500104364,0.7851068440023535,0.6580728058575948,1.6033841639323085,0.07453749217981946,0.09510712031367043,3.5557282206589798,0.8293814329837665,csgo_S037_P2,S037_P2,S037,P2,0,human,2,0.9747364753027267
7643.385678558042,0.045299166425632954,10347,17.396517909322636,0.8458490383686093,0.3011590599108535,0.13004107368162493,1.9067074600963778,2.2150947749960825,0.7791242996404997,0.6368004587198648,1.8117195061781832,0.07567410843722819,-0.026266831561757926,4.230747424989756,0.7435190048139824,csgo_S037_P3,S037_P3,S037,P3,0,human,2,0.9028795811518324
7861.460604532257,0.04822338645812403,10206,17.511330402619297,0.824710954340584,0.30229268401972276,0.1321987609789105,2.4464816210197164,2.1786046753812562,0.7454540886112964,0.6632572297114921,1.1410659995346137,0.07240838722320204,0.027671720435569765,3.417530190892298,0.8257336674162661,csgo_S037_P4,S037_P4,S037,P4,0,human,2,0.8896443514644351
9251.440416680853,0.05380935853569409,10725,16.780411244283645,0.8200466200466201,0.22978882366549053,0.1390025092353428,1.8163402352676201,2.2990028254828383,0.737521706829441,0.5525589664961752,1.7297305286014313,0.07384615384615385,0.034764019278020045,3.3657979553550943,0.8313071724893131,csgo_S038_P1,S038_P1,S038,P1,0,human,2,0.9351294794663877
8377.554837268799,0.05141937365940338,10091,17.836348942978947,0.8116143097809929,0.2288413128418763,0.13490700121020438,2.3731196738387905,2.2702838938240704,0.7218721825084097,0.5500147889931076,1.294118919175653,0.06629670002972946,0.13351858421861565,4.154349985283948,0.669615054706524,csgo_S038_P3,S038_P3,S038,P3,0,human,2,0.8788538582128549
9435.680488104856,0.054454324120416994,10721,16.568040642874593,0.840406678481485,0.2530322741160601,0.1625106325786057,1.9387979182461648,2.700300615773897,0.6639869027054379,0.6106467673059485,1.1558087315991878,0.06837048782762802,0.0012776240896025615,3.3794100406419836,0.7871669978735231,csgo_S038_P4,S038_P4,S038,P4,0,human,2,0.9347807132269597
7638.986590584806,0.04286244158069691,11029,16.26399794121395,0.8588267295312358,0.2874443225456583,0.13442103865109212,1.8592876414684616,2.2330087307094306,0.7441648883650248,0.6301418485393001,1.315947890242996,0.07144800072536041,0.04945936758263567,3.6427543892916168,0.8416273925291917,csgo_S039_P1,S039_P1,S039,P1,0,human,2,0.9616357136629174
10821.088919982849,0.06133354558608366,11085,16.2382152750722,0.7884528642309427,0.2814960632799721,0.15038949513018096,1.9180234357552168,2.4333241940934744,0.7170616492461949,0.6290696269507042,0.9621846971900166,0.0794767704104646,-0.015846573583957514,3.3100221938331784,0.8309721170981161,csgo_S039_P2,S039_P2,S039,P2,0,human,2,0.9650879331359916
10092.570608371703,0.05680963981125143,11095,16.223579371379117,0.7971158179360072,0.3130679130197445,0.15159013202992863,1.9290269533594213,2.494776332638277,0.7355405933125965,0.6802211841053218,1.2017732757255861,0.07003154574132492,-0.04710092313598835,3.0496344068134094,0.7994457122074252,csgo_S039_P3,S039_P3,S039,P3,0,human,2,0.9653702253545636
8699.541537611374,0.05265566295931163,10352,17.388116078001495,0.8314335394126738,0.3500940911437811,0.15004197641483608,1.9173215601823266,2.4290453574613795,0.6874112739523224,0.7333801801954121,1.1665542650841858,0.07486476043276662,-0.04579775191045166,3.6665599422841773,0.7650796867797047,csgo_S039_P4,S039_P4,S039,P4,0,human,2,0.9016636181517289
9563.628055419433,0.05484341619913888,10756,16.73495041163371,0.8153588694682038,0.35659637579879205,0.13945065973428744,2.013978329237384,2.3529739287327476,0.7302517565996329,0.69059085543376,1.6647481183873953,0.10013015991074749,-0.03422013664810682,3.2391552537444785,0.7911827914575527,csgo_S040_P1,S040_P1,S040,P1,0,human,2,0.9406209007433318
9055.01501119008,0.05357744863177758,10458,17.211858238885885,0.8148785618665136,0.23989364640439326,0.13792721035727795,1.8312508240126788,2.3271624647555345,0.761135539501562,0.5624566760111113,1.1543069565224375,0.07525339453050296,-0.02625460866151661,3.4452857661740754,0.8775505652841615,csgo_S040_P2,S040_P2,S040,P2,0,human,2,0.9127247338104382
9802.658943850533,0.05689592338236178,10823,16.4407608630342,0.8083710616280144,0.2456037400463125,0.15479895772929733,1.8492863963013644,2.4882173999368606,0.7916543038241469,0.5805904612155585,1.157546164328041,0.06920447195786751,0.011210875872488374,3.2448947546834477,0.8850598168122731,csgo_S040_P3,S040_P3,S040,P3,0,human,2,0.9431808278867102
9083.122213623512,0.052806457920406925,10675,16.861947000802413,0.8170491803278689,0.2570294648247337,0.14027576094805508,1.951675040687936,2.3359246949443904,0.7449212967179707,0.5951191855826703,1.7421077485399743,0.07784543325526933,0.006911852509405047,3.5020980685780936,0.7753077812513753,csgo_S040_P4,S040_P4,S040,P4,0,human,2,0.9310946358482337
10076.534374147333,0.05597070401720077,11122,16.18419000231114,0.8023736737996763,0.19125687255496343,0.1511102186014685,2.257827588899263,2.5394503326785745,0.8295613119940795,0.51781164325935,1.2699140968509872,0.052688365401906134,-0.02089077792538164,3.2794019190935733,0.7706824541468961,csgo_S041_P1,S041_P1,S041,P1,0,human,2,0.9705908019897024
8530.49685825792,0.04739787781061733,11219,16.04424782729872,0.8449950976022819,0.23385694977927166,0.1429736329494104,1.8553419891970233,2.3455031021173594,0.729104424167431,0.5957668681508727,1.05177512046411,0.060165790177377665,0.0006976115987016129,3.6959474896566764,0.8417587824206593,csgo_S041_P2,S041_P2,S041,P2,0,human,2,0.9776054374346462
11612.99236099072,0.06938466976113754,10467,17.197054166675212,0.761345180089806,0.3167592545032981,0.1557994475871215,1.9062838768357986,2.555740894195546,0.7581518249902404,0.7122985337603969,1.08647684018079,0.0712716155536448,-0.0074022733567429,2.7961817111753176,0.8517270831717839,csgo_S041_P3,S041_P3,S041,P3,0,human,2,0.9135899450117831
18486.942102535275,0.1104690445444556,10329,17.426836240227136,0.6840933294607416,0.269297738241267,0.2189526147956538,1.9660786193092687,3.642159187812704,0.7024718166838345,0.6020208072350162,1.5257351727748705,0.07009391034950141,0.031253181082606586,2.7224012357730736,0.809372058153661,csgo_S041_P4,S041_P4,S041,P4,0,human,2,0.904941300157701
10048.366410759914,0.05955313496495501,10564,17.015466955627073,0.7854032563422946,0.26004490561348487,0.14774492869750686,1.9125229642862,2.43414649281735,0.7935512666979204,0.5926424087597453,1.2935869346921787,0.06739871260886028,0.0833961410063209,2.9911239086982895,0.8667564844044464,csgo_S042_P1,S042_P1,S042,P1,0,human,2,0.9209310435010025
9893.207390683117,0.05708731548128816,10691,16.835244811052732,0.8227481058834534,0.2528943714824488,0.15034870778295517,1.880819884195423,2.520999641065395,0.7146015976562242,0.5770815952283227,1.775082765013895,0.07445514919090825,-0.042585745072743944,3.4392158550243064,0.7571858890047742,csgo_S042_P2,S042_P2,S042,P2,0,human,2,0.9333857167801641
10200.51199116553,0.05772843104231971,11038,16.30595025983306,0.8030440297155281,0.21311752777136375,0.14593899705470262,1.9418601526200776,2.4033614347958525,0.7780822590653514,0.5357539177308025,0.9191478208286729,0.06060880594310564,-0.05289213171378943,3.8279911715525063,0.7982400266880765,csgo_S042_P3,S042_P3,S042,P3,0,human,2,0.9622526370848226
14139.971647446655,0.08132633319089344,10763,16.722614421669,0.737805444578649,0.3148725636945577,0.1824457105281725,2.228763883660163,3.044180210678136,0.6970910334260711,0.6315917685865234,1.2815792947034732,0.07702313481371365,0.08283917613801813,3.048299675732698,0.7731821595975645,csgo_S042_P4,S042_P4,S042,P4,0,human,2,0.9400821032404577
10058.03532817559,0.057868316937335885,10875,16.55037265319323,0.8068965517241379,0.23114659668613827,0.1489898752962863,1.9332662883181861,2.4394128330665295,0.7289005717968758,0.5524080227355076,1.4541638267991321,0.0736551724137931,0.0245102142742984,3.175970901915585,0.8394360887486569,csgo_S043_P1,S043_P1,S043,P1,0,human,2,0.9479602510460251
7618.986206343701,0.042409124504670645,11072,16.25587227238971,0.8492593930635838,0.21446786515462782,0.1207749963088138,1.8909572930209444,2.067555109524518,0.7755880056228784,0.5428679341541675,1.3995712789732153,0.06457731213872832,-0.031223960471393506,4.190906876542566,0.7568222566272689,csgo_S043_P2,S043_P2,S043,P2,0,human,2,0.9647960962007668
9930.521724981842,0.06148843045821193,10089,17.83988668837027,0.79988105857865,0.254119156600423,0.15448736973953148,1.8705205808238363,2.5461160707622748,0.7292876088144566,0.5920363038924906,1.0980364636796318,0.06085836059074239,0.06175781756079558,3.1109846883805767,0.8584769196993163,csgo_S043_P3,S043_P3,S043,P3,0,human,2,0.8791390728476821
5679.335374626227,0.03260876672813375,10944,16.446019099511076,0.8917214912280702,0.22143756166108888,0.11462580074927813,1.972982473330288,1.8552918014314845,0.7963427106727305,0.5545903516362788,1.523929841048858,0.0625,0.0829735582491807,4.48614135012029,0.8349333070731211,csgo_S043_P4,S043_P4,S043,P4,0,human,2,0.9523975285005657
12743.492799030048,0.0740511221742434,10636,16.923783806313732,0.7889244076720572,0.304949011311071,0.17877311899013043,1.9136085847953783,2.9501182334851297,0.6860286380721172,0.6458703344628703,2.6514294652974333,0.08104550582925912,0.020017831021200888,3.033970213607319,0.7074300248399505,csgo_S044_P1,S044_P1,S044,P1,0,human,2,0.9310224089635855
8881.214590381082,0.053174826732529136,10486,17.16590202606796,0.8029753957657829,0.2582536081074817,0.1389049830105473,1.9108933281080318,2.2729679480590406,0.8269466916041152,0.610804843080549,1.3260580767664876,0.06818615296585924,0.04389948351942147,3.2129209794487816,0.8783871307893355,csgo_S044_P2,S044_P2,S044,P2,0,human,2,0.9133350753418692
9434.479929228013,0.05372523643401793,10867,16.56401106395519,0.8063863071684918,0.27177345751002163,0.1345431593328475,1.8913147464422309,2.2856561729514477,0.7812338571004026,0.5892859781566419,1.4996498588115976,0.0741695040029447,-0.011119047227714078,3.1260152342983396,0.8588935910233005,csgo_S044_P3,S044_P3,S044,P3,0,human,2,0.947923935799023
8541.029523380086,0.04838642193143847,10998,16.366700721967835,0.8339698126932169,0.25185135552980087,0.13462145913114812,1.746204591789243,2.2109618850596187,0.7850510011733993,0.6224864796343316,1.1804730172055296,0.07155846517548645,0.01733150366859238,3.757685521862672,0.7982455231101191,csgo_S044_P4,S044_P4,S044,P4,0,human,2,0.9600209497206704
11017.289538675608,0.06249601577801591,11091,16.229429108439238,0.7524118654765125,0.26864771321960845,0.145627581845101,1.907811942856042,2.362056367847963,0.7476301579526164,0.586733929021346,1.1076198202489684,0.06888468127310432,-0.02357226154763425,3.7374603473583403,0.7894950161942313,csgo_S045_P1,S045_P1,S045,P1,0,human,2,0.965526247061896
6652.551852412875,0.037961527448813086,10917,16.48812408306096,0.8501419803975451,0.2398240929274703,0.09828954708358367,1.8226153598162098,1.6724696285671228,0.795297963448754,0.5728400276403646,1.5816854112764476,0.08115782724191628,0.019940767244141223,3.889607183000317,0.8539279887217253,csgo_S045_P2,S045_P2,S045,P2,0,human,2,0.9509581881533101
9360.432732668289,0.052684129583422626,11099,16.217729982047825,0.8073700333363366,0.3092596237184396,0.1338271583632325,1.9084592901393969,2.2082863424667254,0.7808942672457433,0.6637557265676097,1.0776476382061944,0.07658347598882782,-0.03237618595633213,3.198619343465638,0.8874738887437736,csgo_S045_P3,S045_P3,S045,P3,0,human,2,0.9671488323457651
6296.935633904904,0.037489424807479604,10557,17.05043270337751,0.84256891162262,0.3118677521373475,0.0961887479902725,1.726562206881456,1.5857108809730809,0.7784790887503781,0.6467691470597481,1.389716637094095,0.07625272331154684,-0.032890413288330325,3.3611590692953346,0.8664208096641215,csgo_S045_P4,S045_P4,S045,P4,0,human,2,0.9193590525124097
6574.290492620228,0.03775224579122971,10900,16.513842949310476,0.8671559633027522,0.23819290719903,0.11334885381974312,1.7797860378398958,1.8618947472505307,0.7715159940731053,0.598904065035571,1.183906248471974,0.06,0.07701866553010189,5.075791453887096,0.7465918679700057,csgo_S046_P1,S046_P1,S046,P1,0,human,2,0.9483208630589873
10537.801088212973,0.05724442558970981,11481,15.678081065977624,0.8132566849577563,0.32174546405939336,0.14761305398100988,1.8567731489409087,2.435587068313236,0.7418392480711189,0.6545580511086798,1.2969062788527495,0.07569027088232733,-0.02493225519875905,3.090877085513928,0.8713795397375559,csgo_S046_P3,S046_P3,S046,P3,0,human,2,1.0
12656.89375242318,0.0711562850306259,11063,16.270509415507583,0.7598300641778902,0.30208040564678634,0.1594368387352565,2.039541939524812,2.648997667900907,0.7549723734060106,0.6240365811557668,1.7188437467377704,0.08523908523908524,0.0232773622437348,2.810713175891678,0.8293694439719859,csgo_S046_P4,S046_P4,S046,P4,0,human,2,0.9651051208235192
10111.113361883636,0.061784169299083654,10296,17.48269672430487,0.7667055167055167,0.26211788422946597,0.14196215742928067,1.8625525799512144,2.306017279831002,0.7561606897108614,0.6053912670339228,0.9440386995019125,0.06050893550893551,0.04294643919410929,3.2716525836215866,0.8153627173705718,csgo_S047_P1,S047_P1,S047,P1,0,human,2,0.8960835509138381
6457.137161770028,0.03865796173800173,10341,17.406612422699755,0.8501112078135576,0.2554807062251681,0.11124698998524948,1.888927382219076,1.8870804904717424,0.7255319664345078,0.5903787154437001,1.4214815608925009,0.06682139058118171,-0.026623667110980007,4.094343657234956,0.7496897998985999,csgo_S047_P2,S047_P2,S047,P2,0,human,2,0.9000783357994604
7920.027672158507,0.043899975892923694,11250,16.00003344015408,0.8432888888888889,0.21156716714203594,0.12368435003929383,1.867711200207741,2.0469460821647205,0.8019085716330745,0.5583540494071406,1.26311947364973,0.05937777777777778,-0.008483409680903687,3.7880276241967925,0.8734687264830515,csgo_S047_P3,S047_P3,S047,P3,0,human,2,0.9797944608953144
8530.222134754544,0.047641524422207815,11162,16.126187986552274,0.8144597742340083,0.20505629794079944,0.12189935657143144,1.9308015681195594,2.041080835636319,0.7332058070703906,0.5423249006677539,1.2828177623597978,0.055635190826016846,-0.044695385532366995,3.5253922674215787,0.8839054603758363,csgo_S047_P4,S047_P4,S047,P4,0,human,2,0.9725538032586913
8070.193848449142,0.04925636356351479,10275,17.518433384101918,0.8392214111922142,0.2659950023691884,0.14807821878730584,1.910563704317536,2.3860045368407174,0.7500535097502947,0.6383500374119103,1.183437334128981,0.04866180048661801,0.08147434144651335,3.806689833216073,0.7180917369115714,csgo_S048_P1,S048_P1,S048,P1,0,human,2,0.8957370761049603
11055.055640276565,0.06958550576473442,10098,17.82552872140699,0.7048920578332343,0.2454133275085981,0.13558307821127125,1.8712182103973656,2.15814899988476,0.7812322744620026,0.5754738249269349,1.1914745915837892,0.06734006734006734,-0.084370431907471,2.8586637081994097,0.8859778478968685,csgo_S048_P2,S048_P2,S048,P2,0,human,2,0.878698224852071
13002.234940231978,0.07140435937610594,11175,16.107428401521705,0.81082774049217,0.4517883556108149,0.20525218313803825,2.031926251520333,3.425784300910715,0.6469543907141063,0.802455929097828,1.9283456170334028,0.058523489932885905,0.048533842340308025,3.2409111689157855,0.5177007233006313,csgo_S048_P3,S048_P3,S048,P3,0,human,2,0.9797475013150974
8732.074940307717,0.04805391785879772,11391,15.801969633560072,0.8032657361074532,0.21723200869683912,0.11466961515478968,1.8605545677586188,1.894660954381451,0.7531895634643377,0.5206431256203005,1.4266212173443353,0.06136423492230708,0.021288261239080335,3.2503224784814706,0.8697866996602178,csgo_S048_P4,S048_P4,S048,P4,0,human,2,0.9917290614661327
10096.786046098656,0.0635427651011339,9923,18.139928171262024,0.7955255467096645,0.44572183684220923,0.17160078936316375,1.9167796064529083,2.789164431807837,0.7466373191748564,0.7955793342457101,1.7314578386368342,0.07779905270583493,-0.03911077094718868,3.243707509439561,0.5269278145131451,csgo_S049_P1,S049_P1,S049,P1,0,human,2,0.8664862032832693
9713.92506755905,0.05854085369481303,10276,17.51672707395148,0.8161736084079408,0.42215873114902086,0.15761816565872647,1.9819190343976076,2.6023595953905634,0.6038293295723316,0.8010475642098415,1.0533086973451176,0.0820358115998443,-0.1064248522579165,3.364896739291016,0.6794615623298865,csgo_S049_P2,S049_P2,S049,P2,0,human,2,0.898958971218616
12358.417385687571,0.0709816124028921,10716,16.797421320015744,0.7588652482269503,0.31700951208964634,0.18117043693947626,2.260698181692175,3.0435186433721086,0.578242634270533,0.6091222828643194,1.349818299240732,0.08995893990294886,0.013822818120672197,3.1215894548621854,0.7485606704943883,csgo_S049_P3,S049_P3,S049,P3,0,human,2,0.9377789446048832
9194.750332161904,0.05464572341277549,10431,17.256411691653295,0.8259994247914869,0.2585760772962305,0.1460844346041371,1.944418002418044,2.4208463692065543,0.6819968203412785,0.5836208417835048,1.8281431728816682,0.07592752372735116,-0.048359371160356886,3.4384716963577393,0.8024773098886222,csgo_S049_P4,S049_P4,S049,P4,0,human,2,0.9111635220125787
9682.372656346033,0.057177025338029264,10700,16.8225424432106,0.7682242990654206,0.28898933520057946,0.1354339346067893,1.9159271356737446,2.178718702658198,0.7901761720772998,0.6301473611296848,1.127630475222051,0.08588785046728972,-0.06722989560856753,3.8319992661675526,0.699385841879357,csgo_S050_P1,S050_P1,S050,P1,0,human,2,0.9310014791612286
6476.88975426694,0.03764971633217062,10901,16.512328652178596,0.8335932483258417,0.3955859186440034,0.10275584599401077,1.9079387042417904,1.641909035889912,0.8163285741415298,0.7392568443646195,1.1150889857769681,0.059902761214567474,0.0037009040635586606,3.2917857455534634,0.6764674238355569,csgo_S050_P2,S050_P2,S050,P2,0,human,2,0.9480779265959297
5662.370275488817,0.03284265858772416,10910,16.498705728557322,0.86993583868011,0.21310830222209154,0.10271263487602743,1.8674041642479193,1.6481952997233436,0.7482307330588595,0.5623002476314465,1.171308030489492,0.04912923923006416,0.0964856136143914,3.6433434660926087,0.8842278701711568,csgo_S050_P3,S050_P3,S050,P3,0,human,2,0.9480361487660758
10003.226307064437,0.05678621264779943,10990,16.378596287194476,0.7977252047315742,0.20174612114760504,0.1477819945886649,1.8867623130680042,2.4477317563213923,0.8111427997656578,0.5235583209472164,1.0703467130162394,0.04786169244767971,-0.02005352493958515,3.377597553698254,0.8525161283590332,csgo_S050_P4,S050_P4,S050,P4,0,human,2,0.957400470424253
10145.13244171222,0.05586591329284294,11216,16.048538401970465,0.8357703281027105,0.28727510761295744,0.16768305480954768,1.9140630129433152,2.774282204265086,0.7138298539471724,0.6337838755080312,1.6983955592090136,0.08309557774607704,-0.033330555011925216,3.4013631983502606,0.7398784573810635,csgo_S051_P1,S051_P1,S051,P1,0,human,2,0.9787939610786281
11797.22879579839,0.06582733946673097,11207,16.061427876199254,0.7854019809047916,0.26748915998021433,0.16648363901611749,1.9389807206100422,2.700378137600922,0.6812146203598565,0.5880414218330904,1.2488123209120945,0.07209779602034443,-0.03939100197586841,3.3032570159008903,0.7987620840570764,csgo_S051_P2,S051_P2,S051,P2,0,human,2,0.9777525737218635
8285.068408409512,0.05057907544752055,10193,17.659375923940306,0.8301775728441086,0.25761258509724616,0.1374297822079283,1.9010637579208598,2.267140520097359,0.7153160749494165,0.5949330324763112,1.6311032990768008,0.07063671146865495,0.08282225647525905,3.2658855256023642,0.83445995988669,csgo_S051_P3,S051_P3,S051,P3,0,human,2,0.8897520949720671
8810.782687574745,0.054328478197463996,10050,17.91067429684863,0.8165174129353234,0.24807617742680294,0.15287669564160064,1.9207877642174822,2.5422160497804,0.776730958312859,0.5957284421969811,1.037087471258992,0.055422885572139306,0.08189441404063819,3.343965680463484,0.832841544382249,csgo_S051_P4,S051_P4,S051,P4,0,human,2,0.8765044479330194
10209.685549107555,0.057158343231069254,10995,16.371144849106678,0.8255570713960891,0.2793549097663678,0.15767636480654273,2.2670118345338848,2.6215771935935184,0.7388439649073628,0.5976108084659083,2.1144841486236876,0.07748976807639836,-0.013176446516064847,4.027535897542437,0.7024804930939954,csgo_S052_P1,S052_P1,S052,P1,0,human,2,0.9626160042024164
6922.8027050391975,0.03965932599498315,10898,16.516873687690484,0.8492383923655716,0.2467486653099447,0.10997703529312973,1.9309951706891666,1.8213494444948777,0.7746945082132847,0.6252361050774855,0.9749024806079394,0.06524132868416223,0.00338809186533438,3.7365701025070406,0.8367342211242503,csgo_S052_P2,S052_P2,S052,P2,0,human,2,0.9497167755991286
13216.576485732468,0.07340153164487971,11094,16.22504088233932,0.7776275464214891,0.30048246000976075,0.18264618739772367,2.1009747465847166,3.043210403310762,0.6864968129715188,0.6448122035988122,1.466841927745651,0.08256715341626104,-0.01799310171592846,3.1211124445067453,0.7563264044968749,csgo_S052_P3,S052_P3,S052,P3,0,human,2,0.969840020980855
8901.405640738789,0.049839540166693355,11052,16.286703950523172,0.8421100253347811,0.23301527791415258,0.13603365267531747,2.3199642415289476,2.2765050061574073,0.7924132038568287,0.552955832861843,1.9773545576608023,0.08668114368440101,0.006746023398941072,4.163350574519564,0.7410840119261864,csgo_S053_P1,S053_P1,S053,P1,0,human,2,0.9643137597068319
7295.67173387561,0.04195402312582653,10905,16.506270615471387,0.8380559376432829,0.3006611221298621,0.12027898741949337,1.8088951306301844,1.9691525892656345,0.7336279149146886,0.6498501363063317,1.0285571854002244,0.08656579550664832,0.03269193277703034,3.518882287454157,0.8367486503651859,csgo_S053_P3,S053_P3,S053,P3,0,human,2,0.9480959833072509
9628.88785240018,0.05384238910601958,11157,16.132014958541635,0.8086403154969974,0.253900001234193,0.14217590024095295,1.962736447246187,2.356126158979613,0.7790466832453501,0.5993378240008772,1.1850864990026844,0.05825938872456753,-0.03772295682906417,3.2549531028099445,0.8617623049246399,csgo_S053_P4,S053_P4,S053,P4,0,human,2,0.9721181493421626
8603.039255165033,0.05085289238244576,10699,16.824113809038575,0.8125058416674455,0.24955141245720566,0.12705155778926144,1.910743997083453,2.0462665206224604,0.7628132666128871,0.5619430150256582,1.2341236360789922,0.06589400878586783,-0.00329208180576774,3.5128221733946687,0.8780381256629577,csgo_S054_P1,S054_P1,S054,P1,0,human,2,0.9314007138504397
7722.562686044657,0.04428684545795574,10935,16.460981564559873,0.8323731138545953,0.26206635536220024,0.12264839899409959,1.6278195924962604,2.008262213363271,0.8443023048287365,0.606750424552214,0.9281445490137191,0.0753543667123914,-0.031229443674755216,3.463474423979623,0.8684600495011472,csgo_S054_P2,S054_P2,S054,P2,0,human,2,0.9523602159902456
11542.191577476486,0.06645160483993678,10751,16.74273228977345,0.7972281648218771,0.2498738174980081,0.17453927148480228,1.8435178006133053,2.864795044048469,0.7246189387675706,0.6286049719849242,0.9273617604895193,0.064738163891731,0.08436640580678396,3.2005410587363485,0.8334289000211039,csgo_S054_P3,S054_P3,S054,P3,0,human,2,0.9405949256342957
12232.199380493475,0.07191992142178752,10541,17.076316554382295,0.7870221041646902,0.21889539361252797,0.1886350621341198,2.1588386384459453,3.105300668420771,0.7287483415671977,0.5616929272718718,1.1177752934559437,0.061663978749644244,-0.06584047516722524,3.44026765939444,0.7963528728288014,csgo_S054_P4,S054_P4,S054,P4,0,human,2,0.9202898550724637
10177.22393108181,0.0570749525897242,11029,16.320672259055616,0.8125850031734518,0.28557286402014265,0.1574165381385667,1.8697535917703083,2.5956445561445816,0.7644329523565023,0.6166408154432007,1.3574830234875244,0.07861093480823284,-0.01466398184205461,3.417458537472638,0.7929208706738706,csgo_S055_P1,S055_P1,S055,P1,0,human,2,0.9632314410480349
8254.81729705778,0.04738000845891266,10801,16.665219231352374,0.8465882788630682,0.28955529944961816,0.14144458891078815,1.9048763885702775,2.331897867371938,0.7266059360461581,0.6426494242781762,1.207403022502432,0.07397463197852051,-0.01844850583538951,3.794086427400951,0.8086800594771856,csgo_S055_P2,S055_P2,S055,P2,0,human,2,0.942742428209828
10379.02193240518,0.05939887796117367,10922,16.48057582495532,0.7919794909357261,0.2955343023084656,0.1494057073264244,1.8294738260776864,2.466722657310871,0.7148608111203142,0.6319756453793628,1.2238845455706069,0.07754989928584509,-0.06130404820311539,3.27982395970015,0.8793933756599314,csgo_S055_P3,S055_P3,S055,P3,0,human,2,0.9524723118513997
8058.10589134207,0.04782628228457664,10637,16.922185203933097,0.8161135658550344,0.2565574848212402,0.11973481480123768,1.8884589344742453,1.9300038024391286,0.7694875282560046,0.5770921260611773,1.0490411554296808,0.0748331296418163,0.018258932144216825,3.960834781421054,0.7791760527116829,csgo_S055_P4,S055_P4,S055,P4,0,human,2,0.9253588516746412
7880.453060876633,0.04356146514695763,11285,15.95039598151501,0.8472308373947718,0.2466378927178706,0.12247628283446739,1.7241315142645415,2.033364471119841,0.7913498868109501,0.5930845735040717,1.5299745832719291,0.06247230837394772,-0.049444119746426485,4.813788200382597,0.7738728729995435,csgo_S056_P1,S056_P1,S056,P1,0,human,2,0.9826715430163706
7070.221740876375,0.04131506650468518,10782,16.69458060962871,0.8336115748469671,0.17028465051552852,0.12314231316799859,1.8361174115173071,1.9873042555461111,0.8139800886582085,0.4985964232999973,1.056526209309146,0.04869226488592098,-0.07651257258714178,4.080651324503974,0.8571312577182228,csgo_S056_P2,S056_P2,S056,P2,0,human,2,0.937973031752936
392.20696856937934,0.002143966224900805,11518,15.62770212551635,0.9927938878277479,0.016340666916010757,0.027982849247846494,1.180448640226483,0.4451961310208509,0.910267108441348,0.16762155180554708,2.60251601580103,0.0025177982288591767,-0.4570539378216719,13.953143061842782,0.8102351756436312,csgo_S056_P3,S056_P3,S056,P3,0,human,2,1.0
16422.415463652178,0.09111496229558602,11194,16.08006792349192,0.6962658567089512,0.27550187210352284,0.18484673302705287,1.9119844473941343,3.0701503195759905,0.7171717192345362,0.5956934863267743,0.8902428900027488,0.08308022154725746,0.004938259184536168,2.7341731513183363,0.8407151883414168,csgo_S056_P4,S056_P4,S056,P4,0,human,2,0.9784965034965035
14298.760200628265,0.08121448797729433,10833,16.61598642769075,0.7677466998984585,0.41530374701898903,0.19950132021100395,2.1555242489186037,3.325756623034445,0.6948383357348407,0.7636617910892367,1.4917959280808237,0.09711068032862549,0.03394609891658914,2.8721024432301183,0.7560201369046258,csgo_S057_P1,S057_P1,S057,P1,0,human,2,0.9476861167002012
5580.8350663783685,0.03146966010819341,10990,16.378593032373228,0.8763421292083713,0.27650059411147687,0.09432543973032126,1.838120368609219,1.6123483153282672,0.7513846093873194,0.6147494819993197,1.3549655354501509,0.07170154686078253,-0.05746903263560101,5.106737532580581,0.7234461988740141,csgo_S057_P2,S057_P2,S057,P2,0,human,2,0.9561510353227771
8806.16025194823,0.05141147742795243,10682,16.850890555290658,0.8243774574049804,0.316993610136439,0.13425760339020426,1.9299942679915354,2.221201047668742,0.707400442051091,0.645659982289999,1.299048503464399,0.08219434562815953,-0.04231216605418149,3.5238123294827504,0.8380941049389643,csgo_S057_P3,S057_P3,S057,P3,0,human,2,0.9312178537180716
9182.463639768675,0.05376641617839537,10721,16.78958544595993,0.819326555358642,0.26639198433937733,0.14467555115617392,1.8721511388901946,2.340079013257361,0.7168931150815063,0.6159010409936032,1.350132130705265,0.07900382427012406,0.06356199783041402,3.308016023025471,0.8246895968210346,csgo_S057_P4,S057_P4,S057,P4,0,human,2,0.9344548069380284
12498.585400841654,0.07292757154016032,10635,16.925369075499628,0.75890926187118,0.2227291428375977,0.17389493157194486,2.0442876075334597,2.8740921189218778,0.7232026120337315,0.5437616984001719,1.37478095065111,0.06027268453220498,0.037344920460563966,3.336564783510924,0.8108590367253616,csgo_S058_P1,S058_P1,S058,P1,0,human,2,0.9289020875185606
8180.318996340593,0.0484169981207402,10569,17.031072479905703,0.8318667802062636,0.28619516994670346,0.13457445675725702,1.913062196007232,2.2021585392321605,0.7588688387843635,0.6599976109323895,0.8469512996205789,0.05989213738291229,0.019605874966847563,3.272408646867059,0.8261433843096357,csgo_S058_P2,S058_P2,S058,P2,0,human,2,0.9212063104680555
12394.768904837632,0.07095653477157739,10782,16.694590483082944,0.7820441476534966,0.28655082968999196,0.17495217589575257,2.159883915108064,2.9113977888611853,0.616916476960002,0.6174277949451922,1.3388825107226787,0.08300871823409386,-0.000603911288937854,3.1712029004164854,0.7723419734511169,csgo_S058_P3,S058_P3,S058,P3,0,human,2,0.9430595644187877
8234.062483543366,0.046869308836620216,10786,16.68839923410638,0.8750231781939551,0.25590000431675713,0.1540417833710151,1.9005758716974823,2.542998508730749,0.6831921573831425,0.6125151782840302,1.894135575982089,0.06471351752271463,0.036216744269431125,3.787327391048528,0.7173184514422617,csgo_S058_P4,S058_P4,S058,P4,0,human,2,0.9421733053808525
5341.021174320078,0.03241484555587205,10291,17.489675210851466,0.8930133126032456,0.21362810666858642,0.11559874441517967,1.8718023158167263,1.9122918295125892,0.7948933971404205,0.5704855514809367,1.3492188811205903,0.04333883976289962,0.043508251638454426,3.840395368880877,0.8871958667302491,csgo_S059_P1,S059_P1,S059,P1,0,human,2,0.8960383108402263
5042.731160650588,0.029594498570924613,10688,16.839970283514003,0.8824850299401198,0.25040303329418223,0.09427994742351592,1.9191251268494454,1.554845216916537,0.7901358069066908,0.6219614697546533,0.8210827736680222,0.04855913173652695,-0.021367636150287094,4.471051864993351,0.8506845276699018,csgo_S059_P2,S059_P2,S059,P2,0,human,2,0.929714683368128
6149.426080376665,0.03515841967852266,11113,16.195893467547446,0.8634932061549536,0.16186914139868697,0.10832233272687465,1.8667210246018944,1.72208070582228,0.8137082633053789,0.500587692541012,0.9926140066101987,0.04157293260145775,0.012081126156748492,4.2114706410171285,0.9120229417907175,csgo_S059_P3,S059_P3,S059,P3,0,human,2,0.9659278574532811
8829.61876585202,0.04835486207464013,11362,15.839551901983524,0.8275831719767647,0.22685129523942255,0.12300795040826104,1.7710215340188955,2.0630619117133917,0.7322923636731108,0.5307480629640163,1.576389750504679,0.07498679809892625,-0.07230384837900398,3.3927362068343414,0.8698697803168545,csgo_S059_P4,S059_P4,S059,P4,0,human,2,0.9901525054466231
10691.557202563634,0.060867420568757956,11044,16.298504239051223,0.7884824339007606,0.23332314219325567,0.15916297230851098,1.9583730378020672,2.5518209355905928,0.7576380426159718,0.5662974307277507,1.0855452842747428,0.05740673668960521,0.07704383642989286,3.6461904311090616,0.7519925652014912,csgo_S060_P1,S060_P1,S060,P1,0,human,2,0.962607861936721
10313.097383719747,0.05798852301242425,11067,16.264628688801125,0.8007590132827325,0.2659259827137693,0.14869355113882549,1.8757296177214973,2.461195662485693,0.7333129257554815,0.6178214967248488,1.2224938675758301,0.07355200144573959,0.036899600957076,3.122298454360128,0.8351450023318863,csgo_S060_P2,S060_P2,S060,P2,0,human,2,0.965538300471122
9199.906004854463,0.053207991222734015,10756,16.734949636505753,0.8207512086277426,0.2095468971590059,0.14696820927912901,1.9067477522371077,2.428526944586318,0.6953643733225988,0.5488676928785552,1.1053719967845097,0.06545184083302343,0.046103345346940286,3.415447940316025,0.834735380520023,csgo_S060_P3,S060_P3,S060,P3,0,human,2,0.9381596162232883
7360.740009613632,0.04382902227273104,10344,17.401566147283763,0.839907192575406,0.25834402517743615,0.12628104865020898,1.841720854990596,2.132247427699581,0.715005845865083,0.6009791626905863,1.0808135564461443,0.06902552204176333,-0.010415854856157408,3.773785080737392,0.8163441976846493,csgo_S060_P4,S060_P4,S060,P4,0,human,2,0.9035639412997903
9456.82574451535,0.05563358301564714,10692,16.835130419155742,0.8076131687242798,0.2524335219265319,0.14391839811714632,1.8446781202522977,2.3248103527467254,0.7945470333151787,0.5849844538678531,1.2551639971415733,0.06294425738870184,0.07418163904551238,3.097563428629146,0.873077803148944,csgo_S061_P1,S061_P1,S061,P1,0,human,2,0.9315211709357031
7944.474625502515,0.04523425303443081,10961,16.42193268054163,0.8393394763251528,0.22966942335578233,0.1250748657624296,1.923149270944051,2.069696640005531,0.7256064516368713,0.567411823258675,1.3386633651394044,0.05784143782501597,-0.06723623595412533,3.5508721499375233,0.8413687058421755,csgo_S061_P2,S061_P2,S061,P2,0,human,2,0.9539599651871192
13554.450854595088,0.07924713118583535,10681,16.852471243855483,0.756670723715008,0.24643759227017975,0.18698006513484877,1.9205595324007352,3.0593748928619933,0.7609313034586289,0.5881052694134326,1.1788269614332159,0.06572418312892052,0.06642162635384224,3.0939952404384354,0.846309467172137,csgo_S061_P3,S061_P3,S061,P3,0,human,2,0.9321057683916573
8763.013848130071,0.05235233801199014,10479,17.177361464016016,0.7954003244584407,0.27247721607388614,0.13013370710633093,1.8972054794340705,2.1305399684272595,0.7433372871346184,0.6122870013916134,1.3078226429617323,0.07472087031205267,0.04727317619104567,3.643745582526051,0.8289327855067311,csgo_S061_P4,S061_P4,S061,P4,0,human,2,0.9132822032421126
9965.891965201346,0.05920782257897924,10477,17.180637761295973,0.8182685883363559,0.28283299420020824,0.1578957429644728,1.7799678851821157,2.6018644897266774,0.7455350282642014,0.6451256926899873,1.5882595268737896,0.07864846807292164,-0.05670414544682113,3.1358186994681305,0.8175971197832204,csgo_S062_P1,S062_P1,S062,P1,0,human,2,0.9132670850767085
6418.076443606396,0.03807686661136746,10708,16.809971027630628,0.8053791557713859,0.21384680405021775,0.08356740364841965,1.8837625749700524,1.340594552112077,0.7159556263995515,0.5098220247902557,1.2351030634576459,0.06266342921180426,0.010667770505153041,3.375226918497609,0.907676574855167,csgo_S062_P2,S062_P2,S062,P2,0,human,2,0.9308066759388038
10390.997598664719,0.05963138389735497,10933,16.463991188074154,0.7738040793926644,0.3024250184286735,0.13965693910754073,1.899856066652705,2.2776230002174898,0.7089871881589018,0.6443382692368068,1.3504898181313796,0.08204518430439953,0.02323586730775823,2.9734840166878755,0.8010374777706115,csgo_S062_P3,S062_P3,S062,P3,0,human,2,0.9523519163763067
8759.062014167466,0.04723751649498972,11470,15.693117675832358,0.8343504795117699,0.319157474274486,0.13205366964242335,1.8223902428123857,2.2207154901453654,0.7401088040910412,0.6629140412529381,1.1343398814098418,0.07201394943330428,-0.12491954419135702,3.598624015061007,0.836406437655111,csgo_S062_P4,S062_P4,S062,P4,0,human,2,1.0
9982.116330395578,0.05900995433184697,10615,16.95726199542365,0.7693829486575601,0.34537762897395813,0.13687590180192377,1.967832260939252,2.248924931487984,0.6513647113216975,0.6600353984618023,1.1034892159617173,0.09043805934997645,-0.003920493073369589,3.204750510499341,0.7977330650730481,csgo_S063_P1,S063_P1,S063,P1,0,human,2,0.9240076601671309
7416.913911911322,0.04384091362252746,10525,17.10227896900416,0.8499762470308788,0.2750460167004372,0.12415726149348938,2.0627924808135667,2.069056495169243,0.7781720043487592,0.6117901359700983,1.1616768280089647,0.06194774346793349,-0.05028516770096934,3.7785587992997423,0.7894005402936314,csgo_S063_P2,S063_P2,S063,P2,0,human,2,0.9196959105207969
16194.845342270643,0.09634910786379741,10441,17.23988418623957,0.7093190307441816,0.34027665951334146,0.20733397154127126,2.0177222529441434,3.400955286606295,0.6569895583522131,0.6870887574607832,1.3629483645667544,0.0815056029115985,0.018821861182164352,2.6029908965105673,0.8151457997689436,csgo_S063_P3,S063_P3,S063,P3,0,human,2,0.912595052879993
7560.370473098525,0.04369478096736958,10903,16.509300796445885,0.8122535082087499,0.3449044467267631,0.10805568555296519,1.7948549936695366,1.772576321971961,0.7379147658509585,0.6825378000348093,1.0832871101031565,0.09098413280748417,0.049186424918562,2.820771798927341,0.858340357137638,csgo_S063_P4,S063_P4,S063,P4,0,human,2,0.9483343480908063
9624.294189053882,0.05472723752549273,11067,16.264627693833315,0.7772657450076805,0.24823850162725872,0.1291828783477022,1.9204054806191382,2.101935818854384,0.7709014658761785,0.5733309373389454,1.4678201711830172,0.08078069937652481,-0.05363207088044358,3.607888392038896,0.7614658487918322,csgo_S064_P1,S064_P1,S064,P1,0,human,2,0.9627664201826881
9309.977960255479,0.052699653144235116,11116,15.948324525568102,0.8125224901043541,0.3183223477299902,0.12944414449947472,1.8598703667201568,2.1065545534995884,0.6831936365823729,0.6405415756609275,0.8231260751872056,0.08537243612810363,-0.03215069967201135,3.269655447950267,0.8644136753446419,csgo_S064_P2,S064_P2,S064,P2,0,human,2,0.9678711362646931
7495.576980879262,0.04496859357559759,10448,17.228331134901442,0.8326952526799387,0.32542609320848914,0.11594922044582671,1.681494332088635,1.91021544140383,0.7347494482606352,0.6726946447567608,0.7119523851774209,0.06948698315467075,-0.007223128236666122,3.003398555872357,0.8738614532835285,csgo_S064_P3,S064_P3,S064,P3,0,human,2,0.9105804427401081
8577.249568289652,0.04988389842745817,10781,16.69613892964107,0.8211668676375105,0.2758246378054878,0.1312131135826784,2.04296050625193,2.1538348781918724,0.7230792650537364,0.6351495780555146,1.0398385689427834,0.0681754939244968,0.018278972210169567,3.3091434326936944,0.8279149101450819,csgo_S064_P4,S064_P4,S064,P4,0,human,2,0.9379676352879763
6998.374246370589,0.04002306915864213,10910,16.249485005769,0.8559120073327223,0.2816079114147135,0.11679335561666783,1.867876405819899,1.928021118264199,0.7626539506292723,0.6375024938923419,1.1231619848189092,0.07974335472043996,0.004825788621128754,3.429798769899614,0.8598673584360303,csgo_S065_P1,S065_P1,S065,P1,0,human,2,0.9505140268339431
5409.997021219336,0.03141005373542876,10903,16.50786734527083,0.8653581583050537,0.22362340621493546,0.095509208661633,1.902641701673422,1.5450432152102778,0.8039561821822383,0.5991285432929984,1.0421035022533025,0.053746675227001744,0.013993457040773618,3.955488715441416,0.870341871124251,csgo_S065_P2,S065_P2,S065,P2,0,human,2,0.9482518698904158
9140.622013349257,0.05098934729875561,11295,15.933518091487457,0.8017706949977866,0.26529486153147436,0.13588910424559367,1.9194831608556306,2.1986423490963465,0.7732043229165204,0.5906386242846379,1.02562281981276,0.06055776892430279,0.0647475107443914,3.3876482778441566,0.87676627200926,csgo_S065_P3,S065_P3,S065,P3,0,human,2,0.9826866191056203
9050.039575104,0.051281019204268495,11090,16.229486632571607,0.8209197475202885,0.2715102860341205,0.14022918757946254,1.7832458743103063,2.287731942360779,0.7608172095024434,0.6379421428682985,1.2038142712496787,0.069702434625789,-0.0618212709309862,3.2725354020400843,0.8569341458584347,csgo_S065_P4,S065_P4,S065,P4,0,human,2,0.9655232456904057
9463.890502593687,0.057487100215547524,10262,17.5406276380371,0.8075423893977782,0.21684146858824793,0.15070255746807137,1.9473345710337775,2.485739708960817,0.7350049058535414,0.534764756161397,1.2120417993269392,0.06558175794192166,-0.008190624491177684,3.6648140168852823,0.826931809514887,csgo_S066_P1,S066_P1,S066,P1,0,human,2,0.8953062292793579
9295.300998530578,0.059218612971546444,9817,18.335816943151176,0.7982071916063971,0.31367928777433174,0.1519765076010413,1.9578577348066484,2.494864782932362,0.7048775958488255,0.6868381291519291,0.9684849946119927,0.07476825914230417,0.020750594393957083,3.5012169835766858,0.7336372067875928,csgo_S066_P2,S066_P2,S066,P2,0,human,2,0.8554374346462182
9179.272634146739,0.05186555234840279,10903,16.509298236377973,0.8399523067045768,0.2752185198747669,0.15295809810985037,1.9558968282396625,2.551670582469076,0.7809261795494895,0.6428542602851607,1.3006349862459994,0.06044208016142346,-0.07682088124268452,3.9545694436159002,0.7731889104675138,csgo_S066_P3,S066_P3,S066,P3,0,human,2,0.9518114360541249
7783.9477187669,0.04528349074004301,10768,16.716297399903983,0.8214153046062407,0.27704273546742986,0.11730987268605378,1.8480356970925853,1.9410027081240586,0.7546575322649784,0.607112453586129,1.4918893210477042,0.07958766716196136,0.05384873886739076,3.2883808832569263,0.8265765039893055,csgo_S067_P1,S067_P1,S067,P1,0,human,2,0.938142533542429
5458.811516416044,0.03275545419304419,10458,17.21185596129754,0.8870720979154714,0.2565230835895694,0.10614947821577175,1.8953929981587019,1.7482761069969697,0.7886928958453259,0.6031562649982284,1.1818607138382606,0.07142857142857142,0.020260910311736727,4.6136195525780614,0.7656683199921427,csgo_S067_P2,S067_P2,S067,P2,0,human,2,0.9101035593072839
8564.53066350798,0.04810841635012824,11095,16.22357942181369,0.8355114916629113,0.31227842172874465,0.13563449094562155,1.8011774840482007,2.2420382978459865,0.7743014646084408,0.6900657575648129,0.9890322270882648,0.06561514195583597,0.008027872393315072,3.058608511601152,0.8328162682955706,csgo_S067_P3,S067_P3,S067,P3,0,human,2,0.9663792352582528
9515.434854995243,0.054160339456079426,10961,16.421933802022952,0.8170787336921814,0.2675218382847807,0.1351638624572028,1.9532595449388008,2.2151593763794315,0.7219828045095829,0.5873080084304554,1.2022407376083242,0.07526685521394033,0.07533646713519063,3.198567216407099,0.84588874670398,csgo_S067_P4,S067_P4,S067,P4,0,human,2,0.955706687592641
11517.443984444728,0.06831800984661078,10453,17.220088994190572,0.7681048502822156,0.297875350623726,0.16269910655224282,1.8992614803719563,2.7152044619539617,0.7208326361689329,0.6759655636535761,1.0344557098889398,0.08342102745623266,0.03280360552950996,2.8494466501998468,0.8089530102243734,csgo_S068_P1,S068_P1,S068,P1,0,human,2,0.9130852550663872
4670.90701330784,0.027771835529847053,10707,16.811542858154194,0.8862426449985991,0.2414974353698151,0.08365513171329661,1.8494211678200438,1.3286494581267134,0.7813571255451719,0.5625551979776302,1.1427876083071522,0.07051461660595872,0.05670885660353765,3.749356715619118,0.9238006312275083,csgo_S068_P2,S068_P2,S068,P2,0,human,2,0.9308006606972095
13558.660713898942,0.08027243474047649,10502,16.92249540261867,0.7279565796991049,0.3142517891626632,0.17621933838071283,1.905023204285143,2.915704959469276,0.7190795600862394,0.6704514972506728,1.0593567445679983,0.08484098266996762,7.886392835292202e-05,2.7536450360777587,0.8579059131192182,csgo_S068_P3,S068_P3,S068,P3,0,human,2,0.9176861237329605
12851.937414082156,0.07065731102440999,11092,16.22796648061802,0.7619004688063469,0.3329749774358774,0.17405285314586835,2.002585511705445,2.9627063829648614,0.7138326346425494,0.6813681032284379,1.0114545087409246,0.0915073927154706,-0.026628068866457147,3.0724726690913813,0.6768600080564816,csgo_S068_P4,S068_P4,S068,P4,0,human,2,0.9713635169454418
9494.69896010874,0.05613033933776605,10548,17.06350242819255,0.7994880546075085,0.29038665462268165,0.14353994329264058,1.8301774621832012,2.3876069832848286,0.7050974594776869,0.631175461281483,1.328134828733164,0.08826317785362153,0.022781018294194044,3.191790196735869,0.8293356689064285,csgo_S069_P1,S069_P1,S069,P1,0,human,2,0.9209009952854897
8654.92044765861,0.04910667828624768,11076,16.250001548005805,0.8262007945106536,0.32614600940278354,0.1310531199249302,1.96340747777401,2.1355088885032463,0.7388923705611764,0.678636103690203,1.2181932111914924,0.07439508847959553,0.06571760920773335,4.077316652643245,0.7520943451066948,csgo_S069_P2,S069_P2,S069,P2,0,human,2,0.9638847793925681
10970.897900247212,0.061810316104299705,10876,16.548852921426082,0.8036042662743655,0.40674291031632737,0.16925283514506684,2.194145378139824,2.851219880191663,0.7055053105087512,0.7542870908304394,1.5955388491071747,0.08192350128723795,0.021483538504492427,3.177473728410279,0.6245873620300427,csgo_S069_P3,S069_P3,S069,P3,0,human,2,0.9500349406009784
12045.469383251264,0.06876845213895433,10831,16.617615701244702,0.7895854491736681,0.33263316086776895,0.18093468997176224,2.1757328838532892,2.990317466480139,0.7108022269395405,0.6805924433313881,1.2315486483454503,0.08697257870926045,-0.01651946310525682,3.225369815660065,0.7538093812945476,csgo_S069_P4,S069_P4,S069,P4,0,human,2,0.9462694391053643
8695.345265207014,0.049034924483462805,11056,16.280811873403824,0.8198263386396527,0.29386929581129717,0.13096592754008732,1.8646019166172667,2.168648369916824,0.7450619808905738,0.6484154629675842,1.3862867450162064,0.07489146164978293,-0.022628540748961583,3.9217473976917065,0.6130333465926558,csgo_S070_P1,S070_P1,S070,P1,0,human,2,0.9636537958685609
8700.207754733898,0.05076666683523431,10677,16.8587836871462,0.8110892572820081,0.26171538858600785,0.12908516944943185,1.869663895230626,2.1400066942604212,0.6988958332867562,0.6179559760447693,1.3102655208746299,0.07417813992694577,-0.03836173386906145,3.416515511592816,0.8155731211857032,csgo_S070_P2,S070_P2,S070,P2,0,human,2,0.9306197158546152
11269.99864084322,0.06307783426175724,11017,16.33845099276779,0.8047562857402196,0.3037349382282144,0.17542195442821648,2.464592743164219,2.8936229134905336,0.7211279331540704,0.6499469301189578,1.198383208687559,0.06989198511391485,0.06343524687100738,3.925369707512493,0.6061440513953739,csgo_S071_P1,S071_P1,S071,P1,0,human,2,0.963277083151176
10521.756963564432,0.05957930341709322,10924,16.477559764120073,0.7881728304650312,0.28715950923289457,0.14718668006450158,1.8516921280865009,2.4562635538793955,0.717187892761726,0.658085449616192,1.4266013929426775,0.0876052727938484,0.060476523931755635,3.1734920776478988,0.79562001559579,csgo_S071_P2,S071_P2,S071,P2,0,human,2,0.9548116423389564
