total_movement,avg_speed,n_events,mean_dt,idle_ratio,turn_angle_mean,speed_std,speed_max,dist_std,efficiency_sub,turn_angle_std,vh_ratio,dir_change_rate,xy_corr,accel_cv,step_autocorr,userId,gameId,is_bot,bot_type
242038.17310904973,2.8229596977504974,51855,3.4927513730665476,0.046417896056310866,0.3810399079079261,3.372570196308066,179.76929659983654,8.095652815054747,0.8650397164233534,0.5601545144502122,0.7068892250684163,0.012496384148105293,-0.2866561443004261,3.389956504113146,0.9223835892804318,-1,lol_stitch_0,1,stitch
228381.00531777783,2.6383679129533126,56122,3.24154145497784,0.045187270589073805,0.4155949350181624,4.072480071045259,663.9000301250181,10.804092351154088,0.8618020820480575,0.5958371937781484,0.7141110310719928,0.014272477816186166,0.34734467030020916,4.1592576181748555,0.3983460714162247,-1,lol_stitch_1,1,stitch
224899.125753963,2.7197341678917977,54891,3.305878030859662,0.04900621231167222,0.3818688364666851,4.230410139476782,401.156141670547,7.730857836277325,0.8555994692171255,0.5654366310235304,0.7526831544563696,0.013135122333351552,0.03503176376095255,6.8511413202881855,0.5789645925841505,-1,lol_stitch_2,1,stitch
239755.35236620833,2.842197503095992,61137,2.962612204562299,0.04432667615355677,0.38652908431606164,5.117026958183324,880.3595856239654,8.294479791827147,0.8753315619490715,0.5777839069941397,0.7906455307094208,0.011973109573580647,-0.2725546747366254,9.962325666036564,0.5744900447528547,-1,lol_stitch_3,1,stitch
243738.21086564774,2.700643695629595,56095,3.2343469197038317,0.03185667171762189,0.37150809292623893,2.857378337055426,52.630789467763066,7.079308099168409,0.8639693020252682,0.5337655488264804,0.7508335664987875,0.014101078527497994,-0.5159366775864085,1.8385085283467635,0.9527247470614877,-1,lol_stitch_4,1,stitch
212720.455724757,2.748698412819271,54350,3.345266640643878,0.04973321067157314,0.4051622395953749,3.8167967655134696,325.00153845789714,10.228242053450767,0.8700053974185721,0.5776043730101778,0.7179972811382264,0.013468261269549218,0.09334972587932108,4.341253090649866,0.3790721636616948,-1,lol_stitch_5,1,stitch
222713.77465138934,2.854808624107162,47469,3.8221835100167834,0.03813014809665255,0.36411329776205537,6.2083096109776585,880.3595856239654,10.176846921531435,0.8502917663730258,0.5505389454041558,0.6912328450878781,0.014009142808991131,-0.07074319077823905,11.945596468927207,0.5415146228969796,-1,lol_stitch_6,1,stitch
243000.9596122334,2.7358157919702535,63118,2.8821202024732493,0.041984853765962164,0.3931299608176292,3.537115541474489,335.60095351473603,7.495910950342125,0.8752513268512537,0.5611342376013002,0.7447262616881731,0.013799550049114357,-0.21488480523774245,4.518811463034272,0.686672274826199,-1,lol_stitch_7,1,stitch
235222.4527194712,2.6124036128591945,63047,2.8828108731519007,0.040097070439513376,0.39628582693557163,4.206439248435993,562.0802878593057,8.423604470116343,0.863057073735818,0.5712061054948542,0.730915180559762,0.013799229146509747,-0.21257350113711787,4.446348277050808,0.5525610354726294,-1,lol_stitch_8,1,stitch
239034.76001422096,2.7368696057084283,59200,3.0667143806553856,0.04418918918918919,0.39639583605427714,3.217506934764551,285.10085934630223,6.984029270516986,0.8704271594114534,0.5770581064352461,0.7742724146859926,0.012905405405405405,-0.4074619152333787,2.06322045535599,0.8662787332288299,-1,lol_stitch_9,1,stitch
199112.0350667123,2.5339655648127315,52581,3.4533627554446897,0.04003347216675225,0.419897118628196,2.798908708637668,94.15412895885129,5.468442372701636,0.8644028975900316,0.6058784849893435,0.7977389607436046,0.013008501169624008,-0.28224532497987925,2.2652456759435604,0.9265677514603787,-1,lol_stitch_10,1,stitch
241742.84980901514,2.866500971766349,58484,3.0905531417973244,0.04579030162095616,0.3852781524375768,7.7126384310858835,1057.268650816811,10.838531825261775,0.8700750638642386,0.5631818835355457,0.7068322910354763,0.012311059435059162,0.28970286285008484,15.34633536259099,0.45257369232529077,-1,lol_stitch_11,1,stitch
255657.29805054513,2.9600113400457904,58062,3.1226901254489614,0.03580655161723675,0.36424116417988933,3.7030966648411012,394.4109531947611,7.853995277937598,0.8719252416304704,0.5460874404745808,0.6931169719378486,0.012744996727635976,-0.1840559745140786,4.896211895767825,0.724438619812065,-1,lol_stitch_12,1,stitch
236278.19180982228,2.677185827063798,51226,3.5390151813104698,0.05253191738570257,0.410639408015297,3.810386526920782,487.6822736167473,8.578004551003458,0.852234800791541,0.6041262951208863,0.6935657425834221,0.014504353258111115,-0.22826827803133776,6.160677836010447,0.8959715889378046,-1,lol_stitch_13,1,stitch
191689.72532693046,2.637823360641554,47440,3.8272172229667922,0.028709949409780777,0.3789519669819924,3.809351290444921,540.1835336253781,9.275208008017202,0.872599922330421,0.5415176860388163,0.7693039206876928,0.013026981450252951,-0.38115494802088795,5.884438118858293,0.5797679368747208,-1,lol_stitch_14,1,stitch
240661.4727096646,2.963487157764584,59525,3.0562782325170668,0.03887442251154977,0.3770110063339387,3.324407700333017,123.70933675353692,5.610130623853727,0.8726051739668422,0.5629182335427302,0.6348852603706973,0.0125997480050399,-0.3577963290188787,2.43568631779089,0.8996648786848749,-1,lol_stitch_15,1,stitch
225444.10268555203,2.766750165220294,53412,3.4015973050209127,0.053414962929678726,0.3865659051597596,9.145118156550899,1363.4562699258088,13.81164821863569,0.8594893327684942,0.5631426510614422,0.7121937482399324,0.014771961356998427,0.4799718420971583,17.833804040893973,0.2556582671410062,-1,lol_stitch_16,1,stitch
215022.67564283195,2.6413672357257156,57642,3.14612869954373,0.03828805384962354,0.4094806437258835,4.949086916291053,880.3595856239654,7.784546714436801,0.8729385307805482,0.5879780991449838,0.701044052356155,0.012005135144512681,-0.17605047965713236,10.210546536554128,0.6408068738109848,-1,lol_stitch_17,1,stitch
215994.96240919596,2.7101807249478522,54839,3.3094463139699526,0.03687156950345557,0.3797160615509648,3.602333008978217,444.846040782651,7.46765584830054,0.8706790454822607,0.558970576246391,0.7572827774754808,0.013111107058844983,0.2066931564471686,5.447521142718784,0.6135002992148642,-1,lol_stitch_18,1,stitch
254597.40279930012,2.949228679248073,58916,3.0897944464478906,0.03538936791363976,0.3645787456955695,7.015851266842534,1306.006125559907,10.439632036056768,0.866313649801051,0.5438805314586974,0.7205174587513019,0.014936519790888723,0.27079533379410037,13.643948857342435,0.46671140757060137,-1,lol_stitch_19,1,stitch
212932.74670081178,2.4704859517065136,54414,3.3392459551729257,0.04311390450986878,0.39895539620006576,2.838948774220395,94.847245611035,5.885171333487753,0.858196987041354,0.5593542420911002,0.7617193836171938,0.012956224501047525,-0.3105291558487415,2.0469320841643404,0.9267867719087775,-1,lol_stitch_20,1,stitch
259807.71944835573,3.158472889932025,53485,3.3944172010562053,0.03612227727400206,0.34245649287307833,5.341315779125366,695.3517095686183,8.597458551226097,0.8622957111329562,0.5367462825905174,0.6442476063693615,0.01450874076843975,-0.3377128745043245,9.707627549713138,0.6699704648850431,-1,lol_stitch_21,1,stitch
269532.9569706981,2.9994387904173734,60685,2.9939775071537897,0.044607398862980964,0.3924007866105123,3.5270917933704955,162.2374802565671,8.241374927151966,0.8630112691339062,0.5768112738239383,0.6865437605614505,0.014962511328993986,-0.12681491869327607,3.380844930929721,0.6868320374891871,-1,lol_stitch_22,1,stitch
231277.7192144453,2.84407099273439,59103,3.069441364605544,0.03163967988088591,0.3779842036874039,4.184126602935159,663.9000301250181,10.884596769321853,0.871840450402812,0.5479630675575462,0.7083372949845496,0.013095781940003045,0.07425719725952247,4.343354876665153,0.36346482080359044,-1,lol_stitch_23,1,stitch
250743.5280532838,2.9222167611831638,56061,3.2332326935518654,0.05419097054993668,0.3664082557541539,3.1534249452099608,73.0,7.838213393380006,0.8732983794481121,0.5531905620626717,0.703828288555478,0.013449635218779545,-0.4131243595254591,1.9288000139664434,0.9339048079999204,-1,lol_stitch_24,1,stitch
252645.94415390308,2.8456560464170817,55471,3.273468051437822,0.04222025923455499,0.3627301518816637,4.591735126653012,663.0120662552077,12.818057299602229,0.8656433337710219,0.5383001065306066,0.6849599301539738,0.0139892917019704,0.19153759396961573,8.022882935164658,0.3675971254650141,-1,lol_stitch_25,1,stitch
227184.57633567095,2.7589582667895867,53094,3.415260190230289,0.043244057708969,0.3864214173445169,3.6525881374055373,380.8214804865923,10.102777386609276,0.8641308238270412,0.5633942475470625,0.6934885575505667,0.013278336535201718,0.2894512216177827,5.847796222398139,0.28274162801079594,-1,lol_stitch_26,1,stitch
228117.3566712062,2.644830910855354,60892,2.9791818482941372,0.04700124811141036,0.38237361160308125,3.44728228569534,444.846040782651,7.737796379185247,0.8722660492437088,0.56066247912749,0.7031459515214028,0.01218550876962491,0.03340659000741811,5.585861238627944,0.625743611849699,-1,lol_stitch_27,1,stitch
234411.0300508514,2.9067664171220824,56447,3.2082330498653975,0.04212801388913494,0.3730334239916714,3.5927733331836404,331.89192518047196,7.5308243067241945,0.872762255570965,0.5418745093626374,0.639619360611364,0.012773043740145623,-0.05195937533291513,2.8711755946418664,0.6588276705200051,-1,lol_stitch_28,1,stitch
242871.38313899125,2.8226689151462483,51250,3.530321163014263,0.03420487804878049,0.35122038742294975,5.248520744637518,663.0120662552077,9.428065763142158,0.8638110599403616,0.5269257113007636,0.741137713437268,0.012839024390243902,-0.45503149278015764,10.95417434925186,0.6831512146752041,-1,lol_stitch_29,1,stitch
223551.58643514494,2.7864778369268537,53209,3.412373675129406,0.032682440940442405,0.38651320606126677,6.047946288136004,934.4656226956666,8.768369946527171,0.8648258730014365,0.570568907887261,0.7736847526588211,0.013982596929090943,0.17854155922183235,11.743758299426752,0.6175770706140229,-1,lol_stitch_30,1,stitch
229920.6941414811,2.5632463613320873,51494,3.5281813013389796,0.04328659649667922,0.4208138522165097,4.851675971334125,750.7063340614624,9.375854768937234,0.8587390206955765,0.6112153608903979,0.7024030909780273,0.015127976074882511,-0.3932497957183289,8.694208688809518,0.6401352426239234,-1,lol_stitch_31,1,stitch
244500.85338738712,3.0285547404910687,55276,3.285401339929535,0.04209783631232361,0.35223949046559583,3.1508171634185955,105.01904589168576,6.998763123296253,0.8713650725991353,0.5347252610706893,0.7095086274754088,0.013224545915044504,-0.17696096615857407,2.2723707178214045,0.7372123449546792,-1,lol_stitch_32,1,stitch
236723.12603779082,2.7639040618667927,59204,3.0696060037523454,0.03160259441929599,0.36623604541985866,2.990545219753479,86.83317338436964,5.564433681992417,0.8769974450206979,0.5498497774729386,0.7579940327295741,0.013934869265590163,-0.38607839849316006,2.0047714623342037,0.9449383537806203,-1,lol_stitch_33,1,stitch
242736.17337237485,2.758149412431879,57263,3.1704747643794593,0.027085552625604668,0.36403831040168017,2.97413733160091,173.21951391226105,7.7713777525160594,0.8726082807020112,0.5280519867807032,0.7888555929312551,0.012608490648411715,-0.268956825977183,2.6987326102640727,0.6665122033827199,-1,lol_stitch_34,1,stitch
245783.8762507944,2.791297109759631,55828,3.2500316266965465,0.04931217310310239,0.38075958493993867,6.96971178576278,1363.4562699258088,11.301895117502358,0.8691574524684045,0.5759765322741973,0.7473372985683657,0.013810274414272409,0.1276041119044207,14.737627444719582,0.5277664755565812,-1,lol_stitch_35,1,stitch
235052.98137666934,2.645774848532137,50584,3.576903200159014,0.055570931519848175,0.3868739765134099,3.8863007063575035,494.2165517260627,9.061395804569429,0.8542566426372363,0.5693478801946338,0.7598777676513161,0.013185987664083505,-0.4287483804833912,6.791757029448992,0.7637621980413702,-1,lol_stitch_36,1,stitch
249934.57064545836,2.9582495729617113,56476,3.2139476738994555,0.047984984772292655,0.3805092213261641,4.2660592082043385,624.4397488949594,8.98992854835253,0.8540381081700441,0.5743480088625093,0.7025982700279865,0.014253842340109072,-0.1476606432432836,5.779018415084696,0.5628211869422739,-1,lol_stitch_37,1,stitch
241842.98958909526,2.997285015457358,56652,3.1942102554090273,0.03780978606227494,0.377598573408767,3.2683763375923123,85.82433411644168,9.946869602517161,0.8621993625948076,0.5514921260491946,0.802212537713711,0.012497352255877992,0.28745030899350243,1.8618941351640685,0.23725712862390447,-1,lol_stitch_38,1,stitch
236206.45147178983,2.558891886299753,60228,3.0154998491906566,0.04733678687653583,0.3969789804833251,3.116013619470424,248.84734276258607,7.372883654035431,0.8631726435080136,0.5741488781721014,0.7713134304806181,0.01419605499103407,-0.1414615076062744,3.843653396580893,0.7269886801229349,-1,lol_stitch_39,1,stitch
240470.05890230887,2.9921181317134984,53270,3.400687843685633,0.039966209874225646,0.36058183139366773,3.3691542142700293,130.05479614377933,7.329035410189316,0.8648408684883242,0.5451349245318521,0.6930567291823807,0.01306551529941806,-0.4209680706246049,2.343568022385176,0.8892016852030752,-1,lol_stitch_40,1,stitch
224896.0555261092,2.794545414549137,51469,3.528309284818068,0.0462414268783151,0.3936126829770675,3.6380903748993934,402.61768465878396,8.534674985519969,0.8600439217486234,0.5636023226962457,0.7416841999799619,0.014086148944024558,-0.5492945070165807,5.232058374987881,0.6665979345936628,-1,lol_stitch_41,1,stitch
224407.11689022952,2.7123821393745753,58577,3.0977595336242434,0.04018642129163324,0.41141443362773933,6.871136088045738,1267.9589898730953,11.447595150416028,0.8667784924405324,0.5799417726669714,0.74095245234927,0.012974375608173857,0.1770556896377967,14.19547216526328,0.1609764407700822,-1,lol_stitch_42,1,stitch
233073.2481157365,2.766250557706717,60649,3.003939110695687,0.040215007667067884,0.3867787795592805,3.8166653051068047,394.4109531947611,6.022072718540396,0.8766441768919215,0.5726607370839475,0.7506618194239426,0.015581460535210803,-0.07319231995779998,6.0457794717923505,0.7908667021863633,-1,lol_stitch_43,1,stitch
228253.86569134542,2.725095153352465,57136,3.1797173144876325,0.03274642957154859,0.4001201350872333,3.110997338698675,135.6502856613284,6.289855562299502,0.8670955114133369,0.560346293713775,0.7406186456343582,0.013756650798095772,-0.33848907291472535,2.553238587366565,0.8262909942411096,-1,lol_stitch_44,1,stitch
236308.7335148319,2.933450204971162,50322,3.606045420834252,0.03984340844958467,0.37533923722898216,4.108472292423139,397.04533746160524,9.938359816281636,0.8540431618640592,0.5500314707959821,0.6565303862408751,0.01478478597829975,-0.33505005584501896,6.162110274503711,0.6707128298685208,-1,lol_stitch_45,1,stitch
216229.94332943705,2.5946555347185423,54129,3.346759646675965,0.0307783258512073,0.3940027303981738,2.8430691349152903,104.92378186092989,5.630087681333433,0.8614801441505548,0.5518973513777151,0.6757837714690731,0.013153762308559183,-0.21100975867466695,2.3164325033321282,0.926183501379617,-1,lol_stitch_46,1,stitch
224836.43874036035,2.732974248828185,45124,4.0211815175618915,0.02634961439588689,0.35377595809052614,7.074116712055025,1316.623712379509,11.5705489963334,0.8506020340511009,0.5330552964827577,0.7207625930656366,0.01633277191738321,0.3208454431993533,13.253940442456255,0.48417873134829703,-1,lol_stitch_47,1,stitch
214538.55955590133,2.715452624057331,54515,3.3295917611321033,0.0380445748876456,0.39633798150431665,4.619239493320674,695.3517095686183,7.43307670110425,0.8703059129325686,0.5872014113260524,0.6863880314073088,0.013189030542052647,-0.29924418800330843,9.11522961357798,0.4321894591108708,-1,lol_stitch_48,1,stitch
190790.59235207664,2.5411239595905464,50883,3.547334640755928,0.029774187842697954,0.4017761012094167,6.501688127772267,1306.006125559907,9.803353876776812,0.8550065390558166,0.5721102781515328,0.6834166170787838,0.014759349881099778,0.2780167901790411,14.700530454358415,0.4150836095944621,-1,lol_stitch_49,1,stitch
246340.47327201068,2.858144445990508,57859,3.1439554103401885,0.036364264850757874,0.36809110272181744,3.4520236370164827,249.09837414162303,7.734236716133597,0.8690137209273967,0.5471345369582739,0.7044280136246573,0.013964983840024888,-0.2110466475479744,4.516624601914358,0.7303056826584338,-1,lol_stitch_50,1,stitch
233903.62396585965,2.9431909968843284,55701,3.258414353737802,0.039801798890504655,0.3850743166812927,3.3362520179350796,80.23091673413684,7.2735548942331985,0.8712744906549112,0.5541219367756275,0.7004638678997579,0.01299797131110752,-0.24919216996869797,2.1349616580352087,0.624336597129624,-1,lol_stitch_51,1,stitch
207066.3323678196,2.5923586937288348,52938,3.4282937241523888,0.027957232989534928,0.3765262913448799,2.901397682357555,140.03570973148243,5.750482868697611,0.8583487538359752,0.5335320582487342,0.7208420740221109,0.014016396539347916,-0.4217666941228348,2.901485677118384,0.879054709349889,-1,lol_stitch_52,1,stitch
224454.61828313823,2.713638784243155,51538,3.517934984459605,0.0474601265085956,0.38756300240011754,4.687953375456207,624.4397488949594,8.22311414956193,0.8578220012135254,0.5784671896614881,0.7132787267748155,0.014241918584345531,-0.3133406687599477,8.205714710070461,0.6678577481073649,-1,lol_stitch_53,1,stitch
226894.45799113513,2.953758746079959,50190,3.6145488140426987,0.04365411436541144,0.33792510457486535,3.2328057664330783,169.57889019568444,6.344606503804341,0.8730206516952332,0.5173475362041844,0.7328599683058364,0.013428969914325562,-0.23133573991076997,2.442308970881264,0.9476809771163135,-1,lol_stitch_54,1,stitch
240726.43328040975,3.025850025526822,53085,3.4125756110510648,0.03358764246020533,0.38066927781087273,5.021291799294239,415.2457103932562,10.98393194014481,0.8666939326151489,0.5543596801297161,0.7446251482868848,0.012734294056701517,0.27905915583815843,8.50213072506016,0.22376863562354513,-1,lol_stitch_55,1,stitch
222348.7822797494,2.5943145836030306,52664,3.445825116314691,0.040957770013671575,0.38887457989439794,2.7643466698434995,61.0,6.59878981479063,0.8590994877339023,0.5671730435993887,0.7717339349559299,0.013994379462251252,-0.3898241368514317,2.068569229008783,0.9421723611013828,-1,lol_stitch_56,1,stitch
212864.99930713233,2.6807749504084226,48564,3.7330996287000353,0.05827361831809571,0.4186393091944423,4.346333433999976,624.4397488949594,8.325456265997264,0.8539744111848384,0.600045403221214,0.6965153892343153,0.013178486121406803,-0.31573469364799983,6.395301649435038,0.7377072147116244,-1,lol_stitch_57,1,stitch
255680.102076331,2.8332103983260537,62889,2.882547109344956,0.03630205600343462,0.3772995862628106,4.1435110844652465,485.24735960126566,6.867791428029945,0.8726253390673089,0.5382595875157302,0.781905194710473,0.012355101846109813,-0.03683669486134824,7.221192848359483,0.7418921408525676,-1,lol_stitch_58,1,stitch
384823.30601285736,4.350639129749569,79025,2.2774347033812514,0.0,0.1651196549793638,2.565837763728102,13.601470508735444,2.4536681388508907,0.7922934912696816,0.3089244661582916,0.8100032890802535,0.022296741537488136,-0.06707211511932283,1.6178256294159514,0.9581971248968488,-2,lol_smooth_0,1,smooth
59622.74231978021,0.5652536521324049,12407,14.50669031113977,0.0,0.1658092005961216,0.3185174750848876,1.7261494247992246,2.4400206983429817,0.7790005590716573,0.31407345767029426,0.8308419917663203,0.025147094382203593,-0.037394781896996285,1.7271618137716285,0.957182069341959,-2,lol_smooth_1,1,smooth
126199.95691506362,2.1544874523793967,25106,7.168771161123282,0.0,0.1599361820590542,1.4143742228004204,11.704699910719626,2.5328051811366494,0.7999506885598511,0.2984718947988565,0.7549900807944231,0.021429140444515254,-0.034010506980859764,1.8838765731682927,0.9612494782744718,-2,lol_smooth_2,1,smooth
170346.16559595437,2.1666048252055328,34245,5.255577619436981,0.0,0.16215549603847937,1.40826240376898,12.206555615733702,2.5203206288088684,0.789871813519153,0.3070575190159284,0.7658178473767624,0.01971090670170828,-0.10666333252380891,1.9063481401599764,0.959200724666199,-2,lol_smooth_3,1,smooth
155519.7913056252,2.0404048773043715,33307,5.780520026421666,3.0023718737802863e-05,0.16988468920020133,1.3757302587552953,13.0,2.438114231844053,0.7907420483590256,0.31435083257438134,0.7411380010420597,0.023298405740535023,-0.049880243655312,1.9172245891179507,0.9564688978127219,-2,lol_smooth_4,1,smooth
81853.54088619587,0.5850954353511338,16778,10.727186028491387,0.0,0.15886212508593456,0.30625425679502616,4.0,2.3083135877354546,0.7955921171147703,0.30574163269224386,0.800289002061783,0.023304327095005364,-0.11528841051938951,2.540317489827391,0.9580767656693494,-2,lol_smooth_5,1,smooth
449268.0597253452,4.321071662919613,92928,1.936703003432802,0.0,0.16564726618822423,2.540479670298786,13.0,2.435368079115223,0.7916388792874931,0.3103009837379006,0.7718792625511506,0.022113894628099172,-0.07627217887899784,1.6170151544248408,0.9572849564695276,-2,lol_smooth_6,1,smooth
78045.64005725307,0.5991598685798059,15717,11.451259862560448,0.0,0.16350062129153894,0.31827391739840094,5.0,2.4235211721917884,0.782918950147079,0.31902818644213543,0.7238386025952817,0.023414137558058153,0.003608360446390913,2.359023977789711,0.956225093447983,-2,lol_smooth_7,1,smooth
318051.66160999757,3.9144946800678007,66005,2.7266680807223804,0.0,0.16603367644542955,2.505932312980887,13.0,2.403187712771979,0.7927081695513848,0.3104609414292434,0.7588386410949196,0.02048329671994546,-0.09234558283646126,1.5215079316909397,0.9577829884281507,-2,lol_smooth_8,1,smooth
322661.9539869403,3.8842888123899963,67478,2.667160662151548,0.0,0.16687129869478787,2.509276054331109,13.038404810405298,2.4286213502950167,0.7916793642195441,0.3097461196872081,0.7557264831124635,0.020791961824594682,-0.08755004034998053,1.5209186118791636,0.9574469745970144,-2,lol_smooth_9,1,smooth
69101.28668536809,0.5874682202064868,13874,12.972536581849637,0.0,0.16583025429815923,0.3225065571783519,3.5433819375782165,2.4090928710734283,0.7693236043552169,0.31497375768323527,0.7281455579920583,0.022488107250973045,-0.009931400121515097,2.043036746014157,0.9569520311204684,-2,lol_smooth_10,1,smooth
20760.284116840565,0.5022928132060421,4399,40.92087312414734,0.0,0.17507805243385996,0.3301323279562368,1.6720999872456608,2.47334494395787,0.7506448201185655,0.32278341972775976,0.7045155344918378,0.024323709934075927,-0.05783430157366959,1.638006886497745,0.9547807423658901,-2,lol_smooth_11,1,smooth
451126.96466118365,4.519516424453723,91450,1.968004024100865,0.0,0.16491161037493646,2.6005094416749266,13.152946437965905,2.508523219480936,0.7801776129391035,0.31405764826240434,0.7633089574961939,0.021662110442864955,-0.10920745306824847,1.6437947971304006,0.9575931219345748,-2,lol_smooth_12,1,smooth
232399.37899635686,2.4073904609006656,46724,3.8518716691993236,0.0,0.16163979633587972,1.4295454087943056,12.649110640673518,2.5575740228740944,0.7952922922264672,0.30549615732735064,0.817284229410916,0.02424878007019947,-0.0517565727671585,2.2039247461701637,0.9600995294957623,-2,lol_smooth_13,1,smooth
406825.75552427105,4.450311928715532,82514,2.181644104565341,0.0,0.1635744149851143,2.6149664078969708,13.038404810405298,2.514570953187933,0.7874629005377447,0.31009925513664033,0.7615553570997562,0.02059044525777444,-0.1053729610687641,1.6330154439611217,0.9584772072676886,-2,lol_smooth_14,1,smooth
350904.2190784814,3.912419281072262,73033,2.464303319093,0.0,0.1659451648326527,2.524890868526466,13.601470508735444,2.4421648878172997,0.7836269536251644,0.3134917842274718,0.7907363869525187,0.022907452795311707,-0.03626245020109823,1.5207137763775003,0.9575048475597325,-2,lol_smooth_15,1,smooth
133990.73265598572,2.1142802100740825,27024,6.661325537505088,0.0,0.16222409543469726,1.3951816963321497,12.041594578792296,2.510586555511472,0.7857897626820656,0.31275865203879477,0.7695140458679571,0.023719656601539373,-0.07221272249937598,1.8885907521942527,0.9588817627077162,-2,lol_smooth_16,1,smooth
377007.42284136853,4.035174531914852,78029,2.308004818783001,0.0,0.16534553686041284,2.508020864355038,13.0,2.42053160979172,0.795161706226821,0.3077073553751954,0.7817889654497627,0.02079995898960643,-0.0736577557577156,1.5247972072181288,0.9580597406462136,-2,lol_smooth_17,1,smooth
67792.28735895641,0.5698793619417045,14162,12.708565779252877,0.0,0.17000356443288148,0.30544001275228777,4.0,2.3050158752865126,0.7991084354634496,0.3108164797498097,0.8158291724211197,0.022030786612060444,-0.06033908274426594,2.317265662810344,0.9565212348046921,-2,lol_smooth_18,1,smooth
420205.1974452621,4.453714868546415,86128,2.089611852264679,0.0,0.16381432362048862,2.484212907064594,13.416407864998739,2.381527327134411,0.7869747067539334,0.3106335563695356,0.7839821509955037,0.02232723388445105,-0.07832035954699498,1.6199000353776327,0.9581114276752098,-2,lol_smooth_19,1,smooth
78284.13390748584,0.5895863220770372,15826,11.372385466034755,0.0,0.1596745418413221,0.31678538122477445,1.625,2.4350848059262047,0.7937412172803537,0.3066180900482503,0.8498536733685531,0.023821559459117906,-0.10228326567753047,1.7127846786551781,0.9616458769897493,-2,lol_smooth_20,1,smooth
365006.79216598655,3.9913642204592596,76492,2.3536886692552064,0.0,0.1671797367884652,2.498889783569236,12.727922061357855,2.4253935298122165,0.7903616927541655,0.3095260168138045,0.8148652662007246,0.020812634000941275,-0.0998091852285282,1.5268919288928493,0.9576716145376025,-2,lol_smooth_21,1,smooth
396008.4261161091,4.356727407347069,81743,2.20170781238531,0.0,0.16448981489634204,2.5743934248194345,13.038404810405298,2.475831725673311,0.7863892980714083,0.31053491913401243,0.7780566241346302,0.021922366441163157,-0.05946568105167504,1.6219278620473774,0.9581769426050226,-2,lol_smooth_22,1,smooth
113715.80046452717,2.112234270065256,22340,8.05680648193742,0.0,0.16167925923213852,1.444408206271623,12.206555615733702,2.556401413186267,0.7745893629126147,0.3106390664191621,0.7798036292855999,0.019874664279319606,-0.14589914191763012,1.8654010056972508,0.959091258407196,-2,lol_smooth_23,1,smooth
58048.90736158297,0.5297528905583969,12693,14.179561928774032,0.0,0.16692841404930023,0.30265889420076614,5.830951894845301,2.249922468955034,0.7978773736323386,0.30808788659229974,0.7736037639257941,0.023871425194989363,-0.14824930815451287,2.2204701616005633,0.9535599752933326,-2,lol_smooth_24,1,smooth
129500.85107981454,2.1186379694064854,26061,6.9060245587106674,0.0,0.1654430107930413,1.4055184190730539,11.40175425099138,2.5491498431391952,0.7790899546699732,0.31470815928379947,0.7411181342632955,0.024174053182917002,-0.04815646301893307,1.857330481983117,0.9588450857670479,-2,lol_smooth_25,1,smooth
68542.20567496333,0.5940758125247719,13454,13.37753660893481,0.0,0.15818186268509746,0.33766351932161737,4.6097722286464435,2.5252794135798315,0.7822962735085448,0.31012037740405546,0.7179763400961557,0.018730489073881373,-0.1809048497111076,2.300870773012301,0.9592852585176284,-2,lol_smooth_26,1,smooth
170033.64968184454,2.088978415599087,34302,5.2626454039240835,0.0,0.16251995110541154,1.391835828690607,13.0,2.4789473398294057,0.7854439158485829,0.3128855628680001,0.7517803652327472,0.022185295318057255,-0.062269614681456226,1.8624824851283799,0.9576045524726303,-2,lol_smooth_27,1,smooth
139322.6260433028,2.0963331879804596,28253,6.370239275095568,0.0,0.16367680375406304,1.423186659952826,12.206555615733702,2.5267702916345383,0.773811038783803,0.3126599154745374,0.8288758901852836,0.023678901355608253,-0.06036724064324865,1.8908851341900614,0.9566085590077043,-2,lol_smooth_28,1,smooth
483198.62405587063,4.444123127318869,99524,1.8083458095113691,0.0,0.1648648848466772,2.5437218920412263,13.038404810405298,2.446076650674811,0.7910082113369095,0.3096739719343803,0.7550036935139568,0.02221574695550822,-0.08191797228443343,1.6291835052051162,0.9574315779804816,-2,lol_smooth_29,1,smooth
86554.49095559584,0.5817556514351241,18076,9.956846473029046,0.0,0.16649807499805816,0.3145925768724772,3.1622776601683795,2.4184357747643874,0.7799535460050737,0.31266257773664896,0.7971465368725643,0.022958619163531754,-0.03422008957644611,2.7445410922219673,0.9567705076738755,-2,lol_smooth_30,1,smooth
461641.8589194515,4.471616238260317,95051,1.8934455549710678,0.0,0.1647377195863901,2.5242838293958187,13.45362404707371,2.438684803915301,0.7869945728324408,0.3121007353411467,0.755574218821061,0.021861947796446117,-0.10510415319585836,1.6376624415298766,0.9570344645296776,-2,lol_smooth_31,1,smooth
64877.2339669917,0.5723625454778195,13244,13.590274107075436,0.0,0.16552877854626663,0.325923972180769,1.7670452681218545,2.4805726834140955,0.7638500839403403,0.31933281179160306,0.7443255372400104,0.021066143159166415,-0.026247014931636156,1.737057936845778,0.9561679796447469,-2,lol_smooth_32,1,smooth
77275.7991691841,0.5702830826173253,16132,11.156468910792883,0.0,0.16743213913880733,0.3195400282422495,3.8078865529319543,2.446819241011621,0.7838625113067723,0.31397216513007936,0.7945583012725659,0.020828167617158444,-0.055412966571422195,2.3219240457705426,0.9571466919007823,-2,lol_smooth_33,1,smooth
78437.54899620166,0.5983659596604858,15661,11.493486590038314,0.0,0.16024294356691857,0.3229980492857133,3.3541019662496847,2.457107796512454,0.7821716473672821,0.3100011556269633,0.7852923535505916,0.02132686290786029,-0.1244921901570847,2.1373306282693685,0.9581811814201823,-2,lol_smooth_34,1,smooth
63943.886878245634,0.5700262218037077,13108,13.732509346150911,0.0,0.16779184885497148,0.33089174268649607,1.7261494247992246,2.5315491507265175,0.7547583639321287,0.322762333187052,0.7378005159444168,0.023497101007018614,-0.03670255767173959,1.7359976799983101,0.9568189071357596,-2,lol_smooth_35,1,smooth
167408.536263971,2.0527839393324325,34416,5.229405782362342,0.0,0.16637823862442067,1.3965199824497196,12.041594578792296,2.515644651644972,0.7892200312847745,0.3118371343318717,0.8007270977112751,0.021617852161785217,-0.15873335578544817,1.8580205249515647,0.9574568280474761,-2,lol_smooth_36,1,smooth
61525.70222928919,0.5677444374171158,12694,14.178759946427165,0.0,0.1677147749854843,0.33315539893160656,5.385164807134504,2.463234881577502,0.771882024489563,0.314465735478323,0.7623599359707295,0.02552386954466677,-0.06149204248171117,3.72016205985496,0.9559210036621058,-2,lol_smooth_37,1,smooth
443454.869788666,4.461651043461103,90468,1.9914554478428599,0.0,0.16385094546746948,2.5824096325835013,13.152946437965905,2.488907760044258,0.7882247340506346,0.31032697877538745,0.7753676846083137,0.021388778352566654,-0.06009112845649434,1.6314943214378141,0.9583829119888733,-2,lol_smooth_38,1,smooth
125370.29759490595,2.0107875867089686,26544,6.783596428436876,0.0,0.16952005682846102,1.3609509093377496,12.0,2.382919864582992,0.7909712091301143,0.31039197063045354,0.7773089757366665,0.020268233875828812,-0.06200176390109468,1.9034182842439524,0.957761700972574,-2,lol_smooth_39,1,smooth
393822.0563632019,4.024234298648197,81714,2.2023912963665513,0.0,0.1654932937331098,2.5348329713156326,13.0,2.447617230179376,0.7845029425646247,0.31206466658382565,0.787294095367123,0.02278679296081455,-0.08883026316819997,1.5316469682547966,0.9570139942587184,-2,lol_smooth_40,1,smooth
60683.84166009475,0.5488132136349704,12955,13.892851628840512,0.0,0.16642649200977752,0.31038356919502885,2.5,2.344896908439196,0.8112248457266638,0.30908488040807386,0.7150877977854826,0.02045542261675029,-0.04225072928188101,1.8095935582422682,0.9560146226219741,-2,lol_smooth_41,1,smooth
274853.8067086644,2.4009224428031217,55139,3.2640284377380393,0.0,0.16179212010302327,1.4071104037180002,12.206555615733702,2.533652784118482,0.791726603536215,0.30989952742933513,0.7480658427835576,0.021763180326084985,-0.0831854973991799,2.127883408158266,0.958755636531975,-2,lol_smooth_42,1,smooth
397050.22469009226,4.339681715676689,81813,2.200850730944116,0.0,0.1649507104563221,2.560960698319994,13.152946437965905,2.4528763833626375,0.7914217199252297,0.31086447437838166,0.7885995040141833,0.02129245963355457,-0.09683595198450416,1.6258750801939494,0.9576539465281755,-2,lol_smooth_43,1,smooth
385918.77667408925,4.346518049787622,79328,2.268735739407768,0.0,0.16403553591030764,2.561657899296241,13.038404810405298,2.4577466366960445,0.7920090151691718,0.30836271027419043,0.7659865488072032,0.021581282775312627,-0.05929274369675192,1.6178926062042498,0.9583587842441745,-2,lol_smooth_44,1,smooth
468122.0810606942,4.414807254864206,96900,1.8574701493307464,0.0,0.16567030532090832,2.5500943282840653,13.416407864998739,2.4591586856592103,0.7886405656996156,0.3114779284318508,0.7701326564530263,0.021919504643962848,-0.06228620829951162,1.6424851213561336,0.9579946549300025,-2,lol_smooth_45,1,smooth
429298.9324837269,4.245540940834726,86591,2.0785425568772378,0.0,0.16279933224758678,2.584460432572062,13.038404810405298,2.4959097575111246,0.7993599852283276,0.3059996316673084,0.7993367999089857,0.02275063228280075,-0.07028581830972488,1.5477206192002768,0.9586134982796966,-2,lol_smooth_46,1,smooth
441892.4388221926,4.501100701730018,89670,2.0070704479809076,1.1152001784320285e-05,0.16260024265083656,2.5965623152270383,13.038404810405298,2.5011374065428673,0.7945880818628358,0.30792334240694375,0.7569007960612552,0.0234192037470726,-0.0775649417477623,1.6400657901929965,0.9587651747618021,-2,lol_smooth_47,1,smooth
76770.05717401092,0.570932029114311,16066,11.202614379084967,0.0,0.16794407071363526,0.30787071592370274,3.1622776601683795,2.338225367772836,0.7906016980757038,0.3125921566976851,0.7555026012296722,0.020042325407693264,-0.10711053504728944,1.9523051659431916,0.9575547902644395,-2,lol_smooth_48,1,smooth
401795.7988827678,4.410891547370045,82557,2.180641019429236,0.0,0.16414142589364059,2.5656020633497003,13.038404810405298,2.462621310295959,0.7831331226241078,0.31171020079187806,0.7828569210629387,0.022166503143282824,-0.09446099313379132,1.6290979709816398,0.9571473037136808,-2,lol_smooth_49,1,smooth
60973.583771102174,0.5604848927807317,12546,14.336229573535274,0.0,0.16228799096480576,0.327064063767768,2.3717082451262845,2.4793466557499446,0.7946494350785076,0.3009231774808066,0.824988055422838,0.023035230352303523,-0.07413579643537171,1.7712240941072925,0.95872624359883,-2,lol_smooth_50,1,smooth
385206.7917925172,4.016450340945171,80231,2.2432007977065935,0.0,0.165606446752307,2.5002654501490396,13.0,2.409035909938817,0.7892503529683168,0.31028786376969997,0.780408232479439,0.022746818561403946,-0.08871157974763169,1.5319928176867286,0.9576223911249382,-2,lol_smooth_51,1,smooth
54537.767075281365,0.5449386185304175,11582,15.587773076590969,0.0,0.16605656820839915,0.32057359573173405,3.2829526005987013,2.4045671289446475,0.8025391783316532,0.3062990878937718,0.8717716977514858,0.022448627180107063,-0.054100456683205574,1.938576149556323,0.9573595793591243,-2,lol_smooth_52,1,smooth
463062.44473756733,4.459462244321363,95255,1.889390471791211,1.0498136580756916e-05,0.16407004583111445,2.5388849703682923,13.038404810405298,2.4488143630517913,0.7945825013635119,0.3089039591565386,0.8138550750021893,0.02283344706314629,-0.07455092379167269,1.6377357492649227,0.9583898278046933,-2,lol_smooth_53,1,smooth
380492.46815345983,4.05128873430446,78656,2.2881190006992562,0.0,0.16547280985318263,2.5587835182606358,13.45362404707371,2.4856391339226516,0.777494389893763,0.3137398847910207,0.7498773370046795,0.020494304312449144,-0.08417109770379308,1.534452827922529,0.9574643720862259,-2,lol_smooth_54,1,smooth
267842.44361172937,2.3319352131645026,55484,3.244128832254925,0.0,0.16680745933803612,1.3814821159813069,12.529964086141668,2.4892795228408255,0.7874823795803969,0.3100863397088455,0.791343951419592,0.02317785307476029,-0.08440350966576887,2.1442405891877283,0.9583324385351404,-2,lol_smooth_55,1,smooth
166061.88102468156,2.0880547962709017,34602,5.231525100430623,0.0,0.16482916616712803,1.3697895785551513,12.0,2.450150363937963,0.7915940578118936,0.3082708812908818,0.8051849327636373,0.021761747875845328,-0.16218400174921468,1.9039911211051255,0.9581216669000396,-2,lol_smooth_56,1,smooth
167857.87880231286,2.0966581771102146,34222,5.259080681452909,0.0,0.16119811630857245,1.3798667949047496,12.727922061357855,2.45291801832747,0.8014493790277144,0.30148552231227926,0.775107579710636,0.022412483197942843,-0.11496604015814883,1.865154021212674,0.9588123565409082,-2,lol_smooth_57,1,smooth
80446.16816900621,0.6012594955103492,15923,11.303165431478458,0.0,0.16150829709756662,0.3247926458657904,1.6298006013006623,2.499474691785121,0.7934640219927579,0.311328575440208,0.7675537592077406,0.021603969101300007,-0.2166742660158447,1.7410346473040563,0.9577040062274447,-2,lol_smooth_58,1,smooth
87043.7599937281,0.5998821188574286,17109,10.527472527472527,0.0,0.3318398497649781,0.47390365776292676,4.373213921133975,3.861172214018328,0.7945459417186318,0.48243581469695435,0.8104806934594169,0.03641358349406745,-0.1302053515987659,2.4765239545510314,0.9399546618641046,-3,lol_bezier_0,1,bezier
502290.73801445065,4.750945468754704,94984,1.8936651821904973,0.0,0.3237973199972821,3.8051341487355823,29.546573405388315,3.9727982385338914,0.7845700913874681,0.4848875410139632,0.8055009317799856,0.039848816642803,-0.08643921852038505,2.110220299800264,0.9402979577458828,-3,lol_bezier_1,1,bezier
64006.47698152032,0.5806697814333402,12559,14.57318044274566,0.0,0.3276959503405172,0.46070719836030977,2.775450413896815,3.771146208546534,0.7592368622697587,0.4815927729159895,0.8786441786581948,0.03614937495023489,-0.08289617163278365,2.2377878050594227,0.942790045489599,-3,lol_bezier_2,1,bezier
77801.81208730454,0.6038213538936642,14991,12.047298198799199,0.0,0.32655305749674396,0.4860624441740524,5.088112507491249,3.9623946516423176,0.7829047863660358,0.4836940508380969,0.7574566598470981,0.03588819958641852,-0.0736781869455667,2.5149905379185884,0.9405349849082787,-3,lol_bezier_3,1,bezier
72250.36191798869,0.6070712598950497,13840,13.004407832935906,0.0,0.325344710945664,0.47522079737130624,3.605551275463989,3.8931917317157585,0.7843279895220548,0.48881710914449333,0.8188830052952343,0.03605491329479769,-0.028139452728478703,2.638110999664965,0.94059708932718,-3,lol_bezier_4,1,bezier
67604.68364520754,0.5916693863223333,13077,13.763306821657999,0.0,0.3201535177183215,0.4582132527020284,3.0539369037759925,3.7546168008662035,0.7909563013809785,0.4755480160878493,0.7705193324349539,0.03387627131605108,-0.0731119421402005,2.2400949287719376,0.9392595444159801,-3,lol_bezier_5,1,bezier
155712.33422741457,2.040820181459445,31296,5.750790861159929,0.0,0.33033791732073997,1.813773428167855,23.769728648009426,3.6586907851210637,0.7925823938687688,0.4870047198097353,0.7969948966479421,0.03696958077709611,-0.027723699289937107,2.186133919750622,0.9376568409653787,-3,lol_bezier_6,1,bezier
65071.270104519834,0.5997674237618468,12326,14.60186612576065,0.0,0.3342520164109606,0.4975253633921955,4.031128874149275,4.096233453575136,0.7606986396304852,0.49509361890838693,0.7866273352999017,0.0412948239493753,-0.04154410502861933,2.488917610443412,0.941383555637561,-3,lol_bezier_7,1,bezier
425560.8643465206,4.6746699065513635,80675,2.2312021221211293,0.0,0.32780508635634603,3.7987127280558854,28.635642126552707,3.977365738185227,0.7893089068940522,0.489512967512323,0.8047902496241818,0.0368763557483731,-0.04607846900389079,2.072577020128992,0.9399630056707173,-3,lol_bezier_8,1,bezier
134891.03552304543,2.139492466269936,26194,6.870919711373268,0.0,0.33096106727049157,1.9343757581742127,21.095023109728988,3.879373886486844,0.7936783297080823,0.48956150498148415,0.8128465509549404,0.036038787508589756,-0.06552368552443899,2.2633293297550474,0.9420682250500625,-3,lol_bezier_9,1,bezier
413236.7676033437,4.282755892005622,78726,2.2861352810416005,0.0,0.32616624426165075,3.6895366563527165,31.016124838541646,3.977718861572626,0.7878263697522685,0.49007510930447207,0.8445661286385874,0.03814495846353174,-0.07326769799554553,1.8734563459703575,0.941127466202855,-3,lol_bezier_10,1,bezier
67908.23345145953,0.6124085780992102,12666,14.21223845242795,0.0,0.3149990706555124,0.4931845498260796,8.333333333333334,4.013554958600623,0.7761910777141762,0.4741216037396913,0.7894331613118029,0.03394915521869572,-0.01653397682439467,2.7314694500788614,0.9441658950028415,-3,lol_bezier_11,1,bezier
210781.03305336303,2.4813521742826055,39891,4.511707194785661,0.0,0.3212643496145105,2.02136708498322,23.53720459187964,3.954435563607999,0.7898813843144556,0.4810212524902115,0.8035192796495593,0.03617357298638791,-0.0855873903773881,2.6082650723904384,0.9419910336718287,-3,lol_bezier_12,1,bezier
415843.7184113361,4.596673312535122,78757,2.285146528518462,0.0,0.3201743561314591,3.8006975424702847,33.95585369269929,3.9891934756236656,0.7843703637376429,0.4808157976197022,0.8161250242940834,0.039298094137663955,-0.07576200629138517,2.0366977670248736,0.9418003453482784,-3,lol_bezier_13,1,bezier
389284.415691855,4.5467873315980425,74377,2.4197725072604066,0.0,0.3273826510228733,3.7627930173797837,33.61547262794322,3.950165694848817,0.7906351664475556,0.4860235282691088,0.82846088184973,0.038761982871048845,-0.061338602719406006,2.045473095404753,0.9413841712107407,-3,lol_bezier_14,1,bezier
497765.41936622496,4.693084171152212,94474,1.9049887269378554,0.0,0.32380029977962554,3.8149465033169947,28.0,3.9879750506564826,0.7834926623498079,0.4822889272861748,0.8210305235003684,0.03778817452420772,-0.057489436671966966,2.0979398477378175,0.9409587334374256,-3,lol_bezier_15,1,bezier
448212.5993435585,4.42360043858621,84822,2.1217858784970702,0.0,0.3217037613219187,3.7365495374072353,31.906112267087632,4.0016621527847525,0.7965133552828814,0.482789748906553,0.798710674621853,0.03619344038103322,-0.10294825400500059,1.9143239561526122,0.941132520465126,-3,lol_bezier_16,1,bezier
433627.66418938944,4.650794382979245,82891,2.171226927252986,0.0,0.3241610928335609,3.78211013434556,28.635642126552707,3.961387762024877,0.785733169236423,0.482946588827563,0.8057270584195617,0.0357095462716097,-0.060448410815802926,2.109422992834443,0.9407628703089921,-3,lol_bezier_17,1,bezier
81915.699114174,0.6021741547582145,15844,11.359527867196869,0.0,0.3289776854351942,0.4794324170838808,4.447221354708778,3.930492741585732,0.7838678733863537,0.49258401087407194,0.811276688453159,0.03610199444584701,-0.08569641312622062,2.485707431527203,0.9398196096833282,-3,lol_bezier_18,1,bezier
409529.82266968733,4.572897140191406,78991,2.279807570578554,0.0,0.3268597340852124,3.728272028989311,29.732137494637012,3.9088167893955186,0.7889839057544382,0.4857751721441482,0.7935209867618488,0.03700421567013964,-0.055466937729797286,2.0880834017870105,0.9401370557844044,-3,lol_bezier_19,1,bezier
60164.3387800019,0.5728575489287702,11855,15.183651088240257,0.0,0.3242547913687487,0.47540977720099775,4.716990566028302,3.8837156457073956,0.7762335809044458,0.4865240664501077,0.772824377303566,0.03947701391817798,-0.10009202768452886,2.5198454056127906,0.939169864927155,-3,lol_bezier_20,1,bezier
416388.65535314294,4.215161926930671,80538,2.2347616623415325,0.0,0.3254175954116217,3.561683412879816,26.076809620810597,3.8383607990199473,0.787552234316213,0.48346470056546514,0.7987416210881276,0.033847376393752016,-0.042194547946795107,1.8603012531921284,0.9406875908107046,-3,lol_bezier_21,1,bezier
63725.31695007885,0.5828717664771398,12333,14.598848524164774,0.0,0.33068138288823967,0.4875050222374971,4.962358310319802,3.9844996808278395,0.8085115658071255,0.4900626193052364,0.8064268455163381,0.0385145544474175,-0.059506947355200325,2.34657638048995,0.9420994414814545,-3,lol_bezier_22,1,bezier
468235.44242440094,4.6665474428778575,89506,2.0107480029048657,0.0,0.32661506731313844,3.804048322624248,34.438350715445125,3.9658280775734114,0.7863528187357401,0.49159214809774127,0.8077546600759805,0.03617634571984001,-0.06774587883593298,2.1033317967002785,0.9413512884664659,-3,lol_bezier_23,1,bezier
406678.3846590122,4.293466855377959,77289,2.3285891729634614,0.0,0.3240918396662084,3.6793722277623573,29.154759474226502,3.9671539583785322,0.7957870198127323,0.48320759487129744,0.803380238066746,0.03726274114039514,-0.0473988504690974,1.880391246031431,0.9418531725351997,-3,lol_bezier_24,1,bezier
251115.2171309248,2.5044555428012005,47123,3.818895632613217,0.0,0.3218810017683264,2.059366245251849,23.769728648009426,4.037156137223978,0.7853253899008992,0.48618208007535946,0.7643391521197007,0.03550283301148059,-0.05673973921011838,2.628215867010929,0.9410588521803629,-3,lol_bezier_25,1,bezier
176713.85136928785,2.2240129830044286,33594,5.357395886047689,0.0,0.3251064502443847,1.9602496077210736,23.430749027719962,4.019970964853994,0.7855646180470608,0.4874706409101927,0.8008872440486772,0.03661368101446687,-0.007386878364574522,2.2169840868788495,0.9413813710605003,-3,lol_bezier_26,1,bezier
164554.77044857468,2.144025040395019,31922,5.640863381473012,0.0,0.32842805095173294,1.903198282170708,21.095023109728988,3.880091982205718,0.795092969994662,0.4916925194985823,0.8051268227785362,0.03452164651337635,-0.1169750343736558,2.1922732689839375,0.9396827140303243,-3,lol_bezier_27,1,bezier
77993.06870968128,0.6183271515530128,14695,12.247652102899142,0.0,0.32074333799559124,0.4867757014630386,3.2715630820756,3.9954312519292245,0.7766015536416788,0.47967325859360316,0.7557665733621515,0.0318475671997278,-0.08198119068219356,2.3109673505822985,0.9386229231137069,-3,lol_bezier_28,1,bezier
421515.0872768415,4.652597564399829,79514,2.2634286217348105,0.0,0.3235572832336906,3.8119508265275117,27.16615541441225,3.996703987917622,0.7823494725180706,0.48393828910542774,0.8087135912414722,0.036484141157532006,-0.08314320989836,2.045182518208139,0.9413692472342012,-3,lol_bezier_29,1,bezier
142069.67975909173,2.254816735900168,26055,6.907730099025102,0.0,0.3155477655814982,2.0121228586525657,26.1725046566048,4.0972862217118635,0.7952047708695669,0.47794504049950925,0.7714066224121969,0.03331414315870274,-0.08750589520831019,2.204475702170471,0.9427167428715366,-3,lol_bezier_30,1,bezier
441209.1458509586,4.6060949091085135,85463,2.1058833165617465,0.0,0.3280692872617598,3.7067741548650193,29.068883707497267,3.8721897540789216,0.7904562688563205,0.48762425312467683,0.8028645968875241,0.03869510782443865,-0.10883100592081031,2.095216771604061,0.9399786790607008,-3,lol_bezier_31,1,bezier
89431.81979456513,0.606558678298005,17390,10.349761343377997,0.0,0.3310221244702348,0.4820179699147813,5.754225500544023,3.954591367811687,0.7826789304424941,0.48996477018296286,0.8934215176452769,0.044565842438182866,-0.044202979341616336,3.5772972172741513,0.9407807459697589,-3,lol_bezier_32,1,bezier
207619.21826076182,2.1609028735368705,40241,4.493886679920477,0.0,0.3248625002676872,1.8826835214340494,23.430749027719962,3.8092108480268796,0.7953668495197271,0.48067704929669036,0.793245582699019,0.03660445813970826,-0.06620897834515725,2.1606684285516233,0.9394512901260073,-3,lol_bezier_33,1,bezier
436003.25534399116,4.367201672734696,83189,2.163437034187623,0.0,0.32330681941117,3.660749180578224,28.42534080710379,3.9221530629159744,0.7885919054731877,0.482866648501542,0.822760588745506,0.03632691822236113,-0.09506547532369888,1.889119382025212,0.9409422514497028,-3,lol_bezier_34,1,bezier
119372.91328129469,2.043512469943062,24075,7.475866079587937,0.0,0.3342247456895545,1.8560030089063717,23.323807579381203,3.750661592262982,0.7794113802386112,0.49087808898373575,0.8248666512763811,0.04178608515057113,-0.10078516174604903,2.2726230759136263,0.9383806113435441,-3,lol_bezier_35,1,bezier
462487.490496924,4.73890787151479,87308,2.061369649627178,0.0,0.32582279630009464,3.8484193647456544,30.479501308256342,4.02060174530207,0.7871351831550795,0.4883633567343528,0.813806414136209,0.03770559398909607,-0.0734271940631532,2.1060785133276596,0.9416590023118669,-3,lol_bezier_36,1,bezier
401913.616740532,4.581419204400648,76386,2.3679780061530407,0.0,0.32213409636266754,3.7649888453800493,28.071337695236398,3.9514866412679934,0.7960025178116178,0.48173013902740636,0.8285798729126644,0.03753305579556463,-0.06934181731488744,2.02877290742812,0.9414765767833069,-3,lol_bezier_37,1,bezier
72538.453685711,0.6070914264048666,13717,13.119058034412365,0.0,0.3214353749438598,0.4990838178477016,3.5794552658190883,4.090193109104494,0.7801555687959519,0.47579833776466063,0.8527247736093143,0.03856528395421739,-0.06532386379656403,2.283407156842841,0.9434470425209139,-3,lol_bezier_38,1,bezier
410603.8804538126,4.653982592587777,78239,2.331015619008666,0.0,0.32406810670586755,3.780491811313771,27.65863337187866,3.947718767200318,0.7879283309572054,0.4837282148140146,0.8185562449306353,0.03886808369227623,-0.030595455949704555,2.0963720673315973,0.9410570809222372,-3,lol_bezier_39,1,bezier
452929.99035182846,4.609462551280289,87695,2.0522726754395966,0.0,0.32861878675256145,3.7399427746901663,29.154759474226502,3.918794040400093,0.7903727762932541,0.4875345714384578,0.8113982635507437,0.037550601516620104,-0.08262762819327849,2.1025534839262865,0.9399764378084019,-3,lol_bezier_40,1,bezier
279459.3573522971,3.893123001623448,53501,3.3669906542056074,0.0,0.32796570469008485,3.546576561145165,31.144823004794873,3.9834551666716354,0.7888512282910033,0.4892018830504785,0.8354638250841944,0.03756939122633222,-0.05467529120703577,1.8005122025508793,0.9404978496453711,-3,lol_bezier_41,1,bezier
56683.98188679153,0.596265692934623,10862,16.5701132492404,0.0,0.31718348227470283,0.4676962450272316,4.47213595499958,3.815329816216849,0.7902220915878905,0.4697978917667392,0.7418562374097185,0.03719388694531394,-0.08799192395362002,3.992961667877936,0.9382980772179141,-3,lol_bezier_42,1,bezier
402649.8943745042,4.236302462176743,77338,2.331678239393822,0.0,0.3252604408556785,3.6531573374199877,27.018512172212592,3.9501544068199963,0.7876024133445659,0.48615064641482836,0.8023220656709198,0.03629522356409527,-0.10290827649430424,1.87991120053842,0.9406706234299127,-3,lol_bezier_43,1,bezier
400912.6840712426,4.569288006961745,76367,2.358065107508577,0.0,0.325807898294997,3.773579683668317,27.294688127912362,3.9665493630755173,0.7940674349722688,0.48650089946562697,0.8125967714187406,0.03612817054486886,-0.06891815358304801,2.0379491987776426,0.9409828829822566,-3,lol_bezier_44,1,bezier
72612.88608439796,0.5934118595512112,14187,12.686380938953898,0.0,0.3281489467612597,0.47146628128996276,3.473110997362451,3.8900235025588707,0.7936224403892396,0.48083085963483396,0.914029975020816,0.04024811447099457,-0.061039344439594106,2.305164167461264,0.9400918180183865,-3,lol_bezier_45,1,bezier
449107.4842017534,4.733038648907062,84655,2.1279915892928862,0.0,0.3224272996151835,3.8161250930625497,32.69556544854363,3.993700923031575,0.7863476543830101,0.48143214425640435,0.8353491874906673,0.03741066682416869,-0.054923053152726435,2.111080253716302,0.9405612039700815,-3,lol_bezier_46,1,bezier
87370.12385821305,0.6183023727661402,16709,10.773880775676323,0.0,0.3285803023501197,0.48522674544124966,4.47213595499958,3.967973494042397,0.7850241456338409,0.4934974581614688,0.8412815073412732,0.04159435035011072,-0.044581455724838646,3.8334268525474395,0.9412410731127588,-3,lol_bezier_47,1,bezier
432434.94967603753,4.428694258888049,81382,2.2114867106572786,0.0,0.3222967993558956,3.722323479873744,30.083217912982647,3.991071854153152,0.7839658421516735,0.4832421037417428,0.7882912494987411,0.035376373153768646,-0.07755385905926904,1.8997553952383124,0.9410381353488626,-3,lol_bezier_48,1,bezier
68773.81962641876,0.6245857162615529,12589,14.386717508738482,0.0,0.31798028469041373,0.5092138136680866,3.1622776601683795,4.225023407021003,0.764557328308989,0.48366584986918093,0.7778005450484602,0.036460401938200014,-0.14097809258212957,2.2271560348696706,0.9420424900051357,-3,lol_bezier_49,1,bezier
281926.52585833566,2.5562655864805834,52054,3.457476034042226,0.0,0.3226701874382555,2.104123287973676,26.0,4.100203884617494,0.7736302648903579,0.4853673086395582,0.7887472443209048,0.03742267645137742,-0.08502689456923829,2.6476244954171704,0.9409945796305687,-3,lol_bezier_50,1,bezier
74753.25977294618,0.6255591238896467,14035,12.823713837822432,0.0,0.32228148445354404,0.4941221898426412,5.8309518948453,4.041007821010975,0.7801168826527838,0.483258734318575,0.7691743464359602,0.04025650160313502,-0.07630315801709033,2.9646119010282455,0.9419696746067467,-3,lol_bezier_51,1,bezier
393658.38285709143,4.256043497611964,75332,2.389202320425854,0.0,0.3269231275628281,3.659549848959311,27.0,3.9702030111236404,0.7870182863330364,0.486609293769967,0.818211416614232,0.03845643285721871,-0.05809571181971487,1.8653493610766911,0.9412987044850956,-3,lol_bezier_52,1,bezier
58952.582985285524,0.5764961209340975,11671,15.419194515852613,0.0,0.3386042662383992,0.4466594011773357,3.659320292076112,3.6540433221416317,0.7891960902226877,0.5024702905497638,0.8287778594170953,0.03761460029132037,-0.15429091055834948,2.330193828049685,0.9387775212440701,-3,lol_bezier_53,1,bezier
433112.9876666278,4.581639935378394,84115,2.139620039470243,0.0,0.32584200590227796,3.6698788032482277,27.65863337187866,3.8526186714547896,0.7826225652232107,0.48340436977597073,0.7947349908118752,0.03679486417404743,-0.046546858921299145,2.0843638928628327,0.939873070652925,-3,lol_bezier_54,1,bezier
66952.79082197939,0.5944156955083918,12897,13.955645161290322,0.0,0.32193653211285855,0.47435530121576025,5.0,3.869026255024696,0.7918006333145959,0.476679586219785,0.7858352741901334,0.03613243389935644,-0.044344058459961075,3.5962772978705826,0.9391913145899364,-3,lol_bezier_55,1,bezier
350331.82761741395,4.165835691785429,67924,2.6496621173976416,0.0,0.3294515085307066,3.644697848467785,34.713109915419565,3.955931490271838,0.7920615624238919,0.48775169036936605,0.7890380149721505,0.03749779164949061,-0.08988108029287509,1.8785996322159075,0.9403269185211056,-3,lol_bezier_56,1,bezier
427610.73793762317,4.5847624794448905,83046,2.1672707568185925,0.0,0.33054008463672374,3.7401814364925325,27.459060435491963,3.9097171400172974,0.790237706838472,0.49031092967259016,0.8110535185545761,0.03705175444934133,-0.06515390184014477,2.1110727338408877,0.9399603402343195,-3,lol_bezier_57,1,bezier
170447.28182571288,2.173785761186242,32238,5.582870614511275,0.0,0.3234103627458569,1.9806054404734932,21.470910553583888,4.02725805010063,0.8026486606940529,0.48305663142145505,0.8382332749802629,0.03976673490911347,-0.1354452438631665,2.22580251743948,0.9414914068160511,-3,lol_bezier_58,1,bezier
203401.0301580212,2.480917485946864,64934,2.77165693869065,0.21709736039671051,0.16692781828382378,2.70356315340105,32.917688437135354,2.988852882275144,0.860027314604108,0.3355547448192076,0.7336279165022246,0.055286906705269964,-0.2202894748267891,1.931748238173533,0.967462991653712,-4,lol_vae_0,1,vae
201690.85277002826,2.524858277830602,62718,2.869572843088796,0.2063681877610893,0.1697271101175303,2.8483085406292283,32.917688437135354,3.1748790776785705,0.8585691951202268,0.34010286414896923,0.7457423888532679,0.05441818935552792,-0.12565341834692853,1.9409272683329317,0.9653982816069407,-4,lol_vae_1,1,vae
203467.42954373904,2.4164188221029863,65967,2.7282539490040323,0.20426880106720027,0.16805325418952696,2.6090267690285813,32.917688437135354,2.885866575628469,0.8610334922965489,0.34666920786716815,0.7504920229313864,0.05648278684796944,-0.11878522367910894,1.8861472302003652,0.9658877659175868,-4,lol_vae_2,1,vae
203570.4047731093,2.4630207723834427,65328,2.7549252223429823,0.2031288268430076,0.16135689888819812,2.7441423710103914,32.917688437135354,3.0364595059739234,0.8640883177981794,0.3256376382723792,0.7755743495865368,0.055213690913543965,-0.17002032837194025,1.9511472790183262,0.9673009282009464,-4,lol_vae_3,1,vae
193515.80691651488,2.3909143536221524,63285,2.842882877188547,0.21990993126333255,0.16413394143208224,2.6533811510670646,32.917688437135354,2.937683961578952,0.8612587593955853,0.3299321694662084,0.7530690043918895,0.056474678043770245,-0.1568302041241077,1.925868813580139,0.965494133315517,-4,lol_vae_4,1,vae
201595.35050492606,2.544441857776536,62434,2.8826261752598787,0.2111349585161931,0.1671152737413027,2.7407202036368328,32.917688437135354,3.0504723624675814,0.8568337645665883,0.3428138657956633,0.7248400044376669,0.052423359067174935,-0.09235634864630791,1.913147707102723,0.9665992488955089,-4,lol_vae_5,1,vae
193751.99156617254,2.4916856841793473,61522,2.925228783667366,0.21582523324989436,0.1668626331156435,2.802913539876781,32.917688437135354,3.1226818877047275,0.8601910013103348,0.33683777353107175,0.7606991531722161,0.05864568772146549,-0.22712550540985652,1.978057678858047,0.9677639233734412,-4,lol_vae_6,1,vae
182798.2744367505,2.3632507716224334,61276,2.937119543043656,0.23403942816110712,0.16505499997575449,2.5242484196551467,32.917688437135354,2.7860038897857184,0.8660597057570947,0.33056890866882677,0.7292542789031031,0.0580488282524969,-0.1656442093144969,1.9061402848449227,0.9671104703555766,-4,lol_vae_7,1,vae
197375.94308237993,2.4217392297492424,64342,2.7971588878009355,0.21129277921109074,0.17274047335428663,2.7142778554514733,32.917688437135354,3.0122697668280827,0.8644674223691695,0.35380687173706266,0.7592654816454705,0.05843772341549843,-0.20007684074991913,1.9724696050532042,0.9668334585386125,-4,lol_vae_8,1,vae
195789.50538494647,2.388879823363596,64851,2.7750038550501155,0.22320395984641717,0.16522073095260537,2.6783059597925587,32.917688437135354,2.9732702490104863,0.8566616996822561,0.3363714358216796,0.7194781598687419,0.05654500316109235,-0.17354056160216338,1.966151778336246,0.9674189922646854,-4,lol_vae_9,1,vae
191256.46643058961,2.4660321858387815,60441,2.9776968894771674,0.2052249300971195,0.16601510391042298,2.727866623829056,32.917688437135354,3.017905086473894,0.8588093403751742,0.33892753853366525,0.7749348468355027,0.0533081848414156,-0.1645212871074283,1.9150993463044124,0.967083307161465,-4,lol_vae_10,1,vae
194896.33543409014,2.480041222620145,61523,2.9246610968434057,0.21304227687206412,0.16579229254623118,2.832878099205286,32.917688437135354,3.154007455266924,0.8689524003625839,0.33428790172233447,0.7490787642690058,0.05664548217739707,-0.23920634297372767,1.9645788637721975,0.9680412325137844,-4,lol_vae_11,1,vae
193185.77849786126,2.4688408470913155,60980,2.951294708014234,0.21749754017710723,0.17474054023180727,2.8245464119140298,32.917688437135354,3.148888263360894,0.857438839421404,0.3475714656934986,0.7267586572784565,0.05713348638897999,-0.1591529497447989,1.9393730315325806,0.9656026795290276,-4,lol_vae_12,1,vae
212398.5261702651,2.584536770797896,65005,2.7686296227924436,0.2044611952926698,0.16054293084453788,2.8923766815104877,32.917688437135354,3.206645397990732,0.8646951077421033,0.32370325783969833,0.7725593146886873,0.051780632259057,-0.18621600618064799,1.9788317733102772,0.9668246625767801,-4,lol_vae_13,1,vae
194786.46709668945,2.362694079046818,65308,2.755768906855314,0.22151956881239665,0.17118020618136637,2.5791554192810824,32.917688437135354,2.8406523848852943,0.8612125025460147,0.34965637140671274,0.7298775110378041,0.059778281374410484,-0.12648712674754584,1.9300437049217738,0.9683043866185632,-4,lol_vae_14,1,vae
198848.8680917051,2.4269019859612806,64668,2.783057819289591,0.22892311498731985,0.17170865755594156,2.7893977234564384,32.917688437135354,3.1130153184396865,0.851993879283583,0.34292998302658134,0.7365217361930999,0.05970495453701986,-0.15881660545529183,1.9826130173398735,0.9652414755285622,-4,lol_vae_15,1,vae
187373.24406477896,2.400571598975029,61094,2.9445108277544074,0.21764821422725636,0.16547355147455514,2.70350010412358,32.917688437135354,3.023065193195054,0.864988244714743,0.32992630597761824,0.7210851071594951,0.0590729040494975,-0.10862773110390586,1.9384217062348215,0.9661081837544349,-4,lol_vae_16,1,vae
189349.28391794302,2.435000562619765,61529,2.9248472240280847,0.21745843423426353,0.16378765144082824,2.7336951376276417,32.917688437135354,3.032905893605572,0.8624798257171079,0.33735380482731486,0.7469057424288019,0.05862276324984966,-0.07006224353186172,1.970725142597314,0.967014003416778,-4,lol_vae_17,1,vae
201207.14386926594,2.4192664132490327,65808,2.733478201407145,0.21935023097495746,0.17107312100674765,2.6665385750343202,32.917688437135354,2.9590407976845867,0.8589096533066608,0.34928690363366205,0.7311424378416365,0.05598103574033552,-0.1272663172039259,1.9357112951967705,0.9676978218291483,-4,lol_vae_18,1,vae
172531.98243089498,2.2928827391794924,58700,3.0659295729058416,0.2289267461669506,0.16761467270785868,2.61037411588996,32.917688437135354,2.9099167823399226,0.860413301851702,0.335001582376564,0.7218793144819001,0.05422487223168654,-0.10617274693064052,1.9382431211206101,0.9664833009774085,-4,lol_vae_19,1,vae
182936.66341275352,2.419119977386982,58892,3.055764038647671,0.20938327786456565,0.1712788658458073,2.7504975897075026,32.917688437135354,3.0574025138116663,0.8643825149190271,0.34777048039242936,0.7363380514250573,0.0559328941112545,-0.20213106326306504,1.9363980852577258,0.9659680515706129,-4,lol_vae_20,1,vae
190402.9380450525,2.322183300623517,64905,2.772772094169851,0.23414220784223094,0.16624080587070508,2.597010133013847,32.917688437135354,2.888064452884457,0.8677477561752456,0.334083706283997,0.7701356091988565,0.058516293043679224,-0.14406706680589268,1.95820872235069,0.9679330457111929,-4,lol_vae_21,1,vae
189778.80944550224,2.4132436345837944,62201,2.893424437299035,0.21510908184755873,0.16653406218130534,2.605402324068741,32.917688437135354,2.8843971058451885,0.8674117669790165,0.340368731126277,0.737883384739803,0.05868072860564943,-0.10191469245961174,1.921608030639548,0.9687281592209502,-4,lol_vae_22,1,vae
184460.51032464972,2.3402193482298195,61308,2.9355864746276934,0.23222091733542116,0.16840708543731855,2.7340222734151176,32.917688437135354,3.05695759794835,0.8592190232223734,0.3313532710474343,0.7114482019708732,0.05933972727865858,-0.15865212108712423,1.9611757446545033,0.9666526195933591,-4,lol_vae_23,1,vae
200460.0363814552,2.3800402152597226,66977,2.686499641662685,0.21665646415933829,0.16222683037321223,2.5307354813623975,32.917688437135354,2.7870558799580527,0.870739152331722,0.3291315857684009,0.7098710501664696,0.05354076772623438,-0.11357590983147713,1.896190377048529,0.9700983995520096,-4,lol_vae_24,1,vae
206638.24893566413,2.4072698743775,67546,2.664475534828633,0.21229976608533443,0.16338309397951986,2.723386102895347,32.917688437135354,3.0246749044086667,0.8552490473344164,0.33311118131586553,0.7259462377695032,0.055369673999940784,-0.1746077961579045,1.9537662159682594,0.9691397301208708,-4,lol_vae_25,1,vae
196477.81978464383,2.406927754046559,64613,2.785055407664211,0.22144150557937256,0.17268811195889014,2.706860528452997,32.917688437135354,2.9912431787641025,0.8649735700823048,0.3446918304259668,0.7433683268664444,0.060049835172488505,-0.0961929262280941,1.9658651791578576,0.96251654601229,-4,lol_vae_26,1,vae
184967.4989619761,2.335448319955953,62722,2.869389837534478,0.22172443480756354,0.16960159731249858,2.571573466464775,32.917688437135354,2.8447190728749474,0.8612187552664867,0.3445147691996301,0.7415917707262535,0.06013838844424604,-0.16387639248752908,1.952250106136157,0.967258256466029,-4,lol_vae_27,1,vae
207291.9928231202,2.4328819227641234,67121,2.68015494636472,0.21532754279584632,0.1695001103270693,2.6909887633341065,32.917688437135354,2.984102199117,0.8606537980361753,0.34649260653995034,0.7589729199660352,0.05293425306535957,-0.1444861908291248,1.917905309433959,0.9683077965699264,-4,lol_vae_28,1,vae
204131.5695655374,2.463106492562996,65613,2.7429586051332073,0.2140734305701614,0.17447088856963705,2.6741791980115477,32.917688437135354,2.9611237010185176,0.8640933999048455,0.35576033125891177,0.7528337392319193,0.0576562571441635,-0.13967967587192479,1.92870918729913,0.9663267838750484,-4,lol_vae_29,1,vae
178336.7619834746,2.2568959633534442,61696,2.8820163708566335,0.2455588692946058,0.1700699564092863,2.5842653652326297,32.917688437135354,2.8840514006494877,0.8666153700005126,0.3395057998187597,0.7033980850438089,0.05705394190871369,-0.17430901502646215,1.9468146016459196,0.9668156805910562,-4,lol_vae_30,1,vae
200318.07729392266,2.425763489747555,65171,2.761423968083474,0.2206656334872873,0.16555417636524658,2.7446853109620584,32.917688437135354,3.0537285882941783,0.8600962467090144,0.3343070145645548,0.737523018917722,0.056313390925411606,-0.1755314458936628,1.9806575034377019,0.9653551816853339,-4,lol_vae_31,1,vae
201449.86188525127,2.5860887056556314,61059,2.9474761701988275,0.19636744787828167,0.16596754198412778,2.8645528312462307,32.917688437135354,3.188221180032138,0.859766069430703,0.33889763350664026,0.7316267569821446,0.055323539527342404,-0.17001668438841622,1.9288982394269738,0.9677106890330809,-4,lol_vae_32,1,vae
185440.1399298156,2.4020375281139072,60227,2.988277488128051,0.22395271223869692,0.16680927657936057,2.617700553354824,32.917688437135354,2.9063422793882396,0.8685759266972489,0.334008063766912,0.6976626255534094,0.054825908645624054,-0.15316887158514889,1.893230974687543,0.9695624212714908,-4,lol_vae_33,1,vae
197883.5210901784,2.4863940317161455,63170,2.849008216055344,0.2160202627829666,0.16314913487374766,2.7657605317114844,32.917688437135354,3.0708895617359167,0.8583660092556386,0.33091484339295774,0.7342122390583592,0.054946968497704606,-0.16170951449918955,1.9644930481500995,0.9683018497467138,-4,lol_vae_34,1,vae
193782.71327829355,2.3297355906516475,65686,2.7398797290096675,0.22602989982644703,0.17282457987435007,2.612456208253686,25.683280937660882,2.8836308444104946,0.8631150241884967,0.3420748404878112,0.7631854023151086,0.06188533325213896,-0.09373804944220178,1.9409623798625069,0.9643934760445212,-4,lol_vae_35,1,vae
204935.29628068206,2.511302566749813,64080,2.8018695672529224,0.2270911360799001,0.17048834319972178,2.7822618233371714,32.917688437135354,3.0851789371055287,0.8555823776025204,0.34951047697475174,0.7066248508964478,0.05780274656679151,-0.09635838445872268,1.91387579521504,0.966472902223054,-4,lol_vae_36,1,vae
183437.9973656227,2.3218005266676185,62630,2.873604879528653,0.2418010538080792,0.17436296391304626,2.5830167122124252,32.917688437135354,2.860989705720941,0.8666119508963765,0.3465046953464385,0.7269114995077313,0.059763691521635,-0.1795534020477345,1.9392779181683353,0.9678096776181715,-4,lol_vae_37,1,vae
187262.18264470925,2.332652065789323,63389,2.8389285038177574,0.22623799081859627,0.1664463655624784,2.586002394912343,32.917688437135354,2.863952330965787,0.8641288878015349,0.33966129722639604,0.718267589694115,0.05519885153575541,-0.15412089986395075,1.9433995490128069,0.9690319313883594,-4,lol_vae_38,1,vae
214898.18764953007,2.6115707633574132,65313,2.7555732484076434,0.21597538009278397,0.17026191275389693,2.921279697119842,32.917688437135354,3.228390569964144,0.8620554052389602,0.34367483731463905,0.7579140377840883,0.05553258922419733,-0.13718107949911543,1.9780689860683152,0.9653594568585977,-4,lol_vae_39,1,vae
181338.5572453344,2.336240801562287,60966,2.936750594603461,0.22378046780172556,0.17082631313018623,2.5597861949666223,32.917688437135354,2.8378565802310685,0.8601528375023613,0.34454636882405654,0.715164977041632,0.059016501000557685,-0.1962332176452193,1.9099354760512413,0.9682781911128765,-4,lol_vae_40,1,vae
188290.05240705644,2.4376499779863385,60651,2.967386644682605,0.21018614697202026,0.16529941376555693,2.7201218857017566,32.917688437135354,3.0336184259878096,0.8707214726024054,0.3262957934885635,0.7928136077646718,0.05915813424345848,-0.1590028509037526,1.94112496280458,0.9666087272271613,-4,lol_vae_41,1,vae
200769.20041834234,2.466504214980069,64375,2.7957249821356447,0.20197281553398058,0.16837058960731066,2.686668101522621,32.917688437135354,2.977651096846378,0.8623294623607207,0.34527694197004594,0.7301004852945531,0.05421359223300971,-0.21056596342562303,1.9296211414312354,0.966676255817666,-4,lol_vae_42,1,vae
198681.3921776881,2.5182576887815458,61532,2.918837659066162,0.21266983033218487,0.17042196899041986,2.846851767255047,32.917688437135354,3.166528413932185,0.8543417939550244,0.3427454542193481,0.7742597975545834,0.06021257232009361,-0.15734824787105373,1.9383758268490756,0.966031689542683,-4,lol_vae_43,1,vae
184640.8287877009,2.4595433409991054,59368,3.031498980915323,0.22020280285675786,0.1740911725283573,2.6550906560869048,32.917688437135354,2.9369124954979515,0.8646518805851235,0.3512105200404256,0.7257995805407178,0.0592912006468131,-0.18574087146908946,1.9075812528080556,0.9700287569030062,-4,lol_vae_44,1,vae
188582.7149603554,2.40076711194726,61992,2.9031956251713957,0.2032359014066331,0.16578068103379479,2.638497383386251,32.917688437135354,2.9338505426488517,0.8619870368085188,0.34144961971831056,0.7101161327993598,0.0568460446509227,-0.1610215429688518,1.9531377238731304,0.9667081214239457,-4,lol_vae_45,1,vae
199328.4060416312,2.4531513308057318,64238,2.8012516151127853,0.20657554718390983,0.16653390669949583,2.7632577426870455,32.917688437135354,3.0573621738219647,0.8656896130999188,0.3352319856194447,0.7381777890729989,0.05700675612565771,-0.15725152793123084,1.9650256886207813,0.9653913550522597,-4,lol_vae_46,1,vae
204639.7978582761,2.4648185777891927,65713,2.7387691745799856,0.19740386224947878,0.17102455304602374,2.7142377563882465,32.917688437135354,2.996886115300397,0.8583871898137715,0.34510172094522246,0.7438476713553723,0.05940985801896124,-0.17903693289977238,1.9523090760112645,0.9655691127906032,-4,lol_vae_47,1,vae
191303.41557873576,2.3445748896831957,64095,2.8079227384778607,0.21502457289960214,0.1633064436897515,2.4608488044085024,25.683280937660882,2.709328238551524,0.8602654034003687,0.3300069274840906,0.7155233434850514,0.05451283251423668,-0.12286390167062337,1.8517734333002487,0.9700738953975212,-4,lol_vae_48,1,vae
198721.3029334438,2.5172297485335804,61543,2.924311852068506,0.2189363534439335,0.1691885326647131,2.8656415362462186,32.917688437135354,3.182941965412379,0.8607021112932344,0.34006621848789026,0.7179024903457977,0.057098289001186166,-0.15068052916030664,1.9447812727503602,0.9661718323244246,-4,lol_vae_49,1,vae
166702.617764419,2.378753846186689,54592,3.296733893865289,0.23104117819460726,0.16869478393241163,2.6394850225383695,32.917688437135354,2.9308127164346445,0.8611804328608426,0.33886706611747497,0.7353047376874561,0.056033851113716296,-0.1574370739775661,1.9087295443795218,0.9690941862824978,-4,lol_vae_50,1,vae
190195.14003263204,2.520499412998069,58927,3.0541866069307266,0.21572454053320209,0.16572195707697365,2.84675569198091,32.917688437135354,3.155907157553712,0.8535295488142164,0.3345967990851393,0.7476740247362031,0.0576645680248443,-0.14636836685556673,1.9444617578473384,0.9653805723665345,-4,lol_vae_51,1,vae
209244.01774941292,2.588351556857925,64038,2.8007089651295343,0.21398232299572129,0.1655220772555018,2.929400823597623,32.917688437135354,3.2479277169903735,0.8646500887060904,0.3349549309996033,0.7682662901323378,0.05915237827539898,-0.05468822719752078,1.9815365643726544,0.9664654779260693,-4,lol_vae_52,1,vae
203839.49682033184,2.483310307321615,64357,2.796506930200758,0.21626241123731685,0.16714621531212093,2.7566182482860544,32.917688437135354,3.06612427281843,0.8609921363113544,0.3382555028094773,0.7362076810723158,0.05775595506316329,-0.04470881097699195,1.9185691548070516,0.9668145166873616,-4,lol_vae_53,1,vae
188179.06447711642,2.3437545664991486,63741,2.8235017257609036,0.24478749941168165,0.1763153447278524,2.6877725757051882,32.917688437135354,2.9765245692334674,0.8645111380830821,0.3504096269280016,0.7506194554058755,0.06250294159175412,-0.157836092450113,2.002832638550428,0.9639429026262021,-4,lol_vae_54,1,vae
183101.32647782756,2.354146991886192,60645,2.9676802321746587,0.20329788111138594,0.16338556440530014,2.594636371028509,32.917688437135354,2.884161227464585,0.8674475142994507,0.3324121308675287,0.7353889752792321,0.053689504493363016,-0.116448988988968,1.9169028563803951,0.9667911038755078,-4,lol_vae_55,1,vae
188731.46059652112,2.383092958642477,62411,2.8836244191635956,0.23072855746583135,0.16700919965035388,2.7107330013883213,32.917688437135354,3.0223839359468156,0.8614112091490299,0.3312610584449773,0.7683070936011537,0.058130778228196955,-0.13878223198185094,1.9749834152645056,0.9662639568012732,-4,lol_vae_56,1,vae
199595.34559658752,2.4568370424398775,64460,2.7920383499588888,0.22243251628917157,0.17056461624411443,2.661491891823963,32.917688437135354,2.934580424794585,0.85640305691657,0.34551150555734306,0.7338025887996106,0.0605336642879305,-0.06691491350015907,1.9158764156481358,0.9669438326161137,-4,lol_vae_57,1,vae
186363.15353392882,2.3501009509242947,61712,2.9162710051692566,0.21448016593207156,0.1691511101968136,2.5355400138963247,32.917688437135354,2.8106580541686332,0.86298511363654,0.346438752682089,0.7224304074049968,0.05431682654913145,-0.10605544061106163,1.8850087115162244,0.9663642377390631,-4,lol_vae_58,1,vae
