dx,dy,time,session_id,bot_type,user_id
0,1,3883,0,human,3
-10,3,5126,0,human,3
-10,6,5151,0,human,3
-1,0,5201,0,human,3
1,1,5276,0,human,3
1,0,5300,0,human,3
0,1,5324,0,human,3
1,2,5348,0,human,3
4,5,5381,0,human,3
7,3,5407,0,human,3
3,3,5433,0,human,3
0,2,5459,0,human,3
0,3,5484,0,human,3
0,2,5510,0,human,3
0,4,5536,0,human,3
-4,7,5562,0,human,3
-1,8,5587,0,human,3
0,8,5613,0,human,3
0,4,5639,0,human,3
0,5,5666,0,human,3
1,2,5692,0,human,3
2,2,5719,0,human,3
2,2,5745,0,human,3
4,3,5771,0,human,3
1,1,5799,0,human,3
5,1,5825,0,human,3
1,1,5851,0,human,3
2,-3,6010,0,human,3
3,-4,6037,0,human,3
-1,0,6109,0,human,3
-1,2,6136,0,human,3
-1,5,6161,0,human,3
-1,4,6186,0,human,3
-1,4,6209,0,human,3
-3,7,6233,0,human,3
-2,2,6259,0,human,3
-1,0,6283,0,human,3
3,0,6435,0,human,3
2,0,6460,0,human,3
1,0,6484,0,human,3
2,0,6509,0,human,3
1,-1,6534,0,human,3
0,-2,6561,0,human,3
1,0,6687,0,human,3
0,-1,6713,0,human,3
0,-1,6738,0,human,3
-1,-2,6763,0,human,3
-2,-2,6789,0,human,3
-2,-2,6815,0,human,3
-2,-1,6842,0,human,3
-1,0,6868,0,human,3
-2,0,6900,0,human,3
-1,-1,6919,0,human,3
-1,0,6941,0,human,3
1,-3,6966,0,human,3
2,-6,6991,0,human,3
0,-3,7016,0,human,3
-3,-1,7041,0,human,3
-3,0,7067,0,human,3
-2,0,7093,0,human,3
1,0,7273,0,human,3
1,0,7323,0,human,3
0,1,7572,0,human,3
-2,1,7697,0,human,3
-2,0,7723,0,human,3
-2,0,7773,0,human,3
-1,0,7799,0,human,3
-2,-2,7824,0,human,3
-2,-7,7851,0,human,3
-10,-29,7892,0,human,3
-14,-14,7919,0,human,3
-6,-4,7944,0,human,3
-3,-1,7956,0,human,3
-10,-3,7981,0,human,3
-7,0,8007,0,human,3
0,-3,8105,0,human,3
4,-6,8130,0,human,3
3,-6,8154,0,human,3
1,-2,8177,0,human,3
0,-1,8201,0,human,3
1,0,8248,0,human,3
3,-2,8272,0,human,3
6,-2,8297,0,human,3
5,-3,8321,0,human,3
2,-4,8346,0,human,3
0,-4,8371,0,human,3
0,-4,8395,0,human,3
0,-2,8419,0,human,3
-1,-6,8445,0,human,3
-2,-2,8468,0,human,3
-1,0,8493,0,human,3
-2,0,8518,0,human,3
-2,0,8542,0,human,3
-2,0,8568,0,human,3
0,-1,8671,0,human,3
-7,-3,8698,0,human,3
-10,-6,8724,0,human,3
-1,0,8752,0,human,3
3,-1,8970,0,human,3
1,0,8995,0,human,3
2,0,9016,0,human,3
1,0,9086,0,human,3
2,0,9108,0,human,3
2,0,9131,0,human,3
2,0,9154,0,human,3
4,0,9177,0,human,3
1,0,9199,0,human,3
2,0,9222,0,human,3
1,0,9244,0,human,3
0,-1,9267,0,human,3
1,0,9288,0,human,3
1,-1,9331,0,human,3
0,-1,9354,0,human,3
0,-1,9375,0,human,3
0,-1,9396,0,human,3
0,-1,9460,0,human,3
-1,-1,9482,0,human,3
-3,-2,9503,0,human,3
-2,-2,9526,0,human,3
-1,-1,9548,0,human,3
0,-2,9571,0,human,3
0,-1,9594,0,human,3
1,2,9617,0,human,3
4,7,9640,0,human,3
2,-3,9687,0,human,3
2,-5,9711,0,human,3
1,-7,9734,0,human,3
3,-21,9757,0,human,3
4,-8,9780,0,human,3
3,-4,9803,0,human,3
2,-1,9826,0,human,3
3,-1,9849,0,human,3
2,-2,9871,0,human,3
6,-2,9894,0,human,3
8,-3,9917,0,human,3
15,-6,9939,0,human,3
8,-5,9962,0,human,3
2,-2,9985,0,human,3
2,0,10097,0,human,3
7,-4,10119,0,human,3
19,-9,10142,0,human,3
10,-6,10164,0,human,3
2,-3,10186,0,human,3
1,-1,10228,0,human,3
2,-1,10251,0,human,3
11,-4,10272,0,human,3
42,-8,10295,0,human,3
39,-10,10316,0,human,3
22,-15,10339,0,human,3
7,-14,10361,0,human,3
0,-8,10383,0,human,3
-1,-3,10407,0,human,3
-1,0,10474,0,human,3
-2,1,10497,0,human,3
-4,2,10519,0,human,3
-6,2,10542,0,human,3
-6,8,10563,0,human,3
-5,7,10586,0,human,3
-4,-1,10761,0,human,3
-10,-6,10783,0,human,3
-1,0,10805,0,human,3
-1,0,10827,0,human,3
-4,3,10850,0,human,3
-2,20,10872,0,human,3
7,24,10894,0,human,3
20,28,10917,0,human,3
14,11,10939,0,human,3
9,6,10962,0,human,3
6,1,10985,0,human,3
10,0,11008,0,human,3
15,0,11031,0,human,3
9,0,11054,0,human,3
10,0,11077,0,human,3
14,1,11100,0,human,3
23,0,11123,0,human,3
35,1,11146,0,human,3
26,0,11169,0,human,3
30,0,11192,0,human,3
14,0,11215,0,human,3
15,0,11238,0,human,3
11,0,11260,0,human,3
18,0,11283,0,human,3
23,0,11306,0,human,3
19,2,11328,0,human,3
28,3,11351,0,human,3
14,1,11374,0,human,3
14,3,11396,0,human,3
13,4,11419,0,human,3
10,3,11441,0,human,3
11,6,11463,0,human,3
15,7,11485,0,human,3
18,9,11507,0,human,3
23,7,11529,0,human,3
36,12,11551,0,human,3
22,8,11572,0,human,3
24,10,11593,0,human,3
30,15,11614,0,human,3
31,12,11635,0,human,3
33,16,11655,0,human,3
40,10,11675,0,human,3
27,8,11695,0,human,3
33,9,11726,0,human,3
19,1,11747,0,human,3
4,0,11759,0,human,3
8,2,11779,0,human,3
10,4,11799,0,human,3
0,2,11819,0,human,3
9,0,12015,0,human,3
12,0,12035,0,human,3
45,0,12054,0,human,3
38,0,12075,0,human,3
33,-1,12094,0,human,3
35,-4,12114,0,human,3
28,-2,12134,0,human,3
24,0,12154,0,human,3
34,0,12174,0,human,3
33,-1,12195,0,human,3
46,0,12215,0,human,3
51,0,12246,0,human,3
25,-2,12267,0,human,3
5,0,12280,0,human,3
1,0,12343,0,human,3
3,-1,12367,0,human,3
7,-1,12386,0,human,3
22,0,12409,0,human,3
33,-2,12427,0,human,3
48,-12,12459,0,human,3
18,-2,12481,0,human,3
12,-1,12494,0,human,3
12,0,12516,0,human,3
11,0,12536,0,human,3
26,0,12557,0,human,3
45,0,12581,0,human,3
36,0,12600,0,human,3
30,0,12623,0,human,3
17,0,12643,0,human,3
11,0,12664,0,human,3
15,-2,12687,0,human,3
15,-3,12707,0,human,3
15,-6,12731,0,human,3
17,-7,12751,0,human,3
6,-6,12771,0,human,3
2,-9,12797,0,human,3
0,-6,12816,0,human,3
-1,-5,12839,0,human,3
0,-3,12864,0,human,3
0,-2,12887,0,human,3
0,-1,12908,0,human,3
0,-2,12957,0,human,3
1,-2,12981,0,human,3
8,-12,13003,0,human,3
8,-17,13026,0,human,3
8,-22,13050,0,human,3
2,-26,13075,0,human,3
-1,-18,13099,0,human,3
-3,-8,13119,0,human,3
-2,-5,13143,0,human,3
-1,-1,13168,0,human,3
0,1,13282,0,human,3
-9,3,13305,0,human,3
3,3,13501,0,human,3
2,1,13526,0,human,3
4,2,13548,0,human,3
12,9,13572,0,human,3
18,15,13597,0,human,3
15,12,13622,0,human,3
18,15,13649,0,human,3
3,3,13673,0,human,3
2,2,13698,0,human,3
0,5,13720,0,human,3
3,11,13745,0,human,3
3,13,13770,0,human,3
1,8,13795,0,human,3
0,9,13821,0,human,3
-3,7,13846,0,human,3
-7,11,13871,0,human,3
-18,13,13896,0,human,3
-16,7,13920,0,human,3
-3,2,13945,0,human,3
-1,0,14075,0,human,3
-4,0,14099,0,human,3
0,-1,14134,0,human,3
4,0,14306,0,human,3
23,13,14331,0,human,3
68,32,14357,0,human,3
70,16,14383,0,human,3
65,6,14410,0,human,3
16,-2,14435,0,human,3
4,-3,14462,0,human,3
10,-2,14489,0,human,3
13,-1,14515,0,human,3
11,2,14541,0,human,3
2,0,14567,0,human,3
-1,-1,14650,0,human,3
-1,-1,14667,0,human,3
-1,-1,14702,0,human,3
-1,0,14779,0,human,3
-2,0,14802,0,human,3
-20,-3,14827,0,human,3
-45,-3,14853,0,human,3
-14,-1,14878,0,human,3
0,-1,14903,0,human,3
-7,0,15125,0,human,3
-44,-2,15147,0,human,3
-137,-13,15179,0,human,3
-91,-11,15206,0,human,3
-50,-3,15237,0,human,3
-49,-4,15263,0,human,3
-123,-10,15290,0,human,3
-168,-11,15321,0,human,3
-87,-5,15347,0,human,3
-41,-1,15375,0,human,3
-34,0,15401,0,human,3
-2,0,15428,0,human,3
-2,0,15454,0,human,3
-13,0,15480,0,human,3
-33,-1,15506,0,human,3
-46,0,15533,0,human,3
-42,1,15555,0,human,3
-15,0,15579,0,human,3
-1,0,15601,0,human,3
1,0,15647,0,human,3
7,0,15670,0,human,3
15,0,15693,0,human,3
54,11,15716,0,human,3
43,7,15739,0,human,3
51,10,15763,0,human,3
41,6,15791,0,human,3
42,10,15818,0,human,3
20,10,15843,0,human,3
27,25,15879,0,human,3
46,31,15904,0,human,3
44,21,15931,0,human,3
26,16,15959,0,human,3
5,11,15988,0,human,3
26,29,16016,0,human,3
19,40,16046,0,human,3
22,41,16075,0,human,3
62,32,16135,0,human,3
17,1,16167,0,human,3
2,0,16197,0,human,3
24,10,16227,0,human,3
49,23,16257,0,human,3
61,33,16287,0,human,3
31,21,16319,0,human,3
1,3,16338,0,human,3
-12,1,16367,0,human,3
-21,0,16394,0,human,3
-25,0,16423,0,human,3
-14,0,16452,0,human,3
-1,0,16483,0,human,3
0,-1,16512,0,human,3
-1,-2,16538,0,human,3
-8,-2,16567,0,human,3
-22,-4,16611,0,human,3
-45,-8,16643,0,human,3
-53,-6,16674,0,human,3
-154,-46,16705,0,human,3
-267,-66,16738,0,human,3
-149,-61,16770,0,human,3
-30,-35,16803,0,human,3
0,-22,16831,0,human,3
0,-12,16860,0,human,3
0,-13,16888,0,human,3
0,-18,16916,0,human,3
-4,-12,16943,0,human,3
-2,-4,16968,0,human,3
-1,-1,16992,0,human,3
0,-1,17041,0,human,3
-1,-1,17091,0,human,3
-2,-2,17116,0,human,3
-5,-3,17140,0,human,3
-4,-4,17166,0,human,3
-2,-3,17191,0,human,3
-1,-4,17217,0,human,3
0,-2,17231,0,human,3
0,-4,17255,0,human,3
1,-8,17279,0,human,3
0,-5,17306,0,human,3
0,-2,17330,0,human,3
0,-2,17365,0,human,3
-2,-6,17390,0,human,3
-7,-9,17416,0,human,3
-5,-7,17441,0,human,3
-6,-5,17467,0,human,3
-6,-5,17492,0,human,3
-1,0,17518,0,human,3
-3,-1,17543,0,human,3
-6,-3,17559,0,human,3
-12,-10,17583,0,human,3
-3,-1,17609,0,human,3
2,0,17656,0,human,3
2,1,17683,0,human,3
2,2,17710,0,human,3
2,1,17736,0,human,3
0,1,17775,0,human,3
0,2,17801,0,human,3
0,3,17828,0,human,3
1,1,17930,0,human,3
2,1,17955,0,human,3
1,0,17985,0,human,3
2,0,18027,0,human,3
1,0,18055,0,human,3
0,1,18081,0,human,3
5,0,18195,0,human,3
13,0,18221,0,human,3
18,1,18236,0,human,3
17,0,18272,0,human,3
4,0,18298,0,human,3
0,-1,18463,0,human,3
9,0,18487,0,human,3
19,0,18510,0,human,3
40,1,18551,0,human,3
10,0,18570,0,human,3
19,-3,18603,0,human,3
7,0,18628,0,human,3
1,0,18655,0,human,3
1,-1,18680,0,human,3
7,1,18707,0,human,3
16,0,18733,0,human,3
4,0,18760,0,human,3
2,0,18787,0,human,3
1,0,18891,0,human,3
1,1,18917,0,human,3
1,0,18943,0,human,3
0,1,18969,0,human,3
1,0,18995,0,human,3
3,0,19303,0,human,3
31,0,19328,0,human,3
33,0,19355,0,human,3
11,-1,19379,0,human,3
1,-2,19401,0,human,3
0,2,19619,0,human,3
2,3,19643,0,human,3
0,1,19665,0,human,3
2,3,19714,0,human,3
4,1,19739,0,human,3
1,0,19764,0,human,3
-1,1,19788,0,human,3
-20,0,19811,0,human,3
-37,-7,19835,0,human,3
-37,-8,19859,0,human,3
-9,-3,19884,0,human,3
0,-1,19905,0,human,3
0,-1,19951,0,human,3
2,0,19976,0,human,3
8,0,19998,0,human,3
7,0,20020,0,human,3
18,0,20045,0,human,3
20,0,20077,0,human,3
17,0,20101,0,human,3
14,1,20123,0,human,3
6,2,20147,0,human,3
5,5,20411,0,human,3
27,4,20435,0,human,3
24,2,20459,0,human,3
21,4,20483,0,human,3
22,5,20497,0,human,3
14,7,20522,0,human,3
6,4,20543,0,human,3
4,6,20567,0,human,3
2,2,20616,0,human,3
1,4,20638,0,human,3
3,3,20673,0,human,3
2,3,20696,0,human,3
3,3,20710,0,human,3
5,5,20736,0,human,3
11,10,20770,0,human,3
25,17,20804,0,human,3
18,17,20829,0,human,3
14,8,20859,0,human,3
18,8,20887,0,human,3
22,7,20915,0,human,3
30,7,20942,0,human,3
37,5,20970,0,human,3
24,6,20998,0,human,3
31,3,21026,0,human,3
10,0,21054,0,human,3
3,0,21253,0,human,3
11,-2,21282,0,human,3
32,-2,21311,0,human,3
28,0,21337,0,human,3
30,0,21364,0,human,3
18,-6,21391,0,human,3
7,-4,21417,0,human,3
4,-2,21444,0,human,3
2,-2,21471,0,human,3
1,0,21484,0,human,3
1,-2,21511,0,human,3
3,-2,21536,0,human,3
5,-2,21576,0,human,3
7,-1,21603,0,human,3
16,2,21630,0,human,3
10,4,21657,0,human,3
4,2,21684,0,human,3
2,0,21738,0,human,3
2,-1,21791,0,human,3
1,-1,21823,0,human,3
1,0,21852,0,human,3
3,0,21882,0,human,3
3,0,21911,0,human,3
3,-1,21940,0,human,3
17,-1,21970,0,human,3
36,-1,21999,0,human,3
15,-4,22028,0,human,3
1,-3,22057,0,human,3
0,-1,22085,0,human,3
4,0,22200,0,human,3
2,0,22235,0,human,3
4,0,22264,0,human,3
11,1,22295,0,human,3
1,0,22415,0,human,3
1,0,22443,0,human,3
0,1,22498,0,human,3
-2,5,22525,0,human,3
-2,3,22553,0,human,3
-1,1,22581,0,human,3
0,1,22609,0,human,3
4,1,22663,0,human,3
3,0,22691,0,human,3
0,1,22744,0,human,3
1,1,22797,0,human,3
4,1,22824,0,human,3
2,1,22851,0,human,3
2,0,22877,0,human,3
13,2,22906,0,human,3
22,3,22935,0,human,3
9,1,22963,0,human,3
1,1,23058,0,human,3
10,2,23088,0,human,3
-6,-1,23150,0,human,3
-1,0,23182,0,human,3
5,0,23244,0,human,3
10,-2,23275,0,human,3
3,-1,23307,0,human,3
13,1,23339,0,human,3
12,5,23376,0,human,3
6,6,23409,0,human,3
0,1,23442,0,human,3
0,1,23475,0,human,3
1,0,23538,0,human,3
7,1,23568,0,human,3
4,0,23600,0,human,3
0,2,23632,0,human,3
3,7,23663,0,human,3
27,23,23696,0,human,3
45,8,23727,0,human,3
27,1,23756,0,human,3
0,3,23803,0,human,3
4,11,23830,0,human,3
19,19,23859,0,human,3
17,5,23889,0,human,3
1,1,23921,0,human,3
2,6,23949,0,human,3
5,10,23977,0,human,3
4,23,24017,0,human,3
20,25,24048,0,human,3
15,16,24079,0,human,3
29,19,24111,0,human,3
54,10,24142,0,human,3
35,2,24164,0,human,3
35,0,24202,0,human,3
23,0,24234,0,human,3
24,0,24258,0,human,3
35,1,24283,0,human,3
57,5,24312,0,human,3
40,10,24342,0,human,3
67,15,24379,0,human,3
34,4,24407,0,human,3
8,1,24438,0,human,3
8,0,24468,0,human,3
13,0,24499,0,human,3
13,0,24530,0,human,3
12,0,24561,0,human,3
7,2,24591,0,human,3
26,5,24623,0,human,3
9,2,24657,0,human,3
-34,-13,24823,0,human,3
-2,-3,24855,0,human,3
3,0,24886,0,human,3
1,0,24917,0,human,3
-6,-9,24979,0,human,3
-9,-8,25011,0,human,3
-8,-5,25043,0,human,3
-8,-3,25075,0,human,3
-7,-2,25107,0,human,3
-25,-6,25139,0,human,3
-13,0,25173,0,human,3
-6,-1,25208,0,human,3
-1,0,25243,0,human,3
-1,0,25279,0,human,3
-8,1,25315,0,human,3
-14,1,25351,0,human,3
-27,1,25386,0,human,3
-7,0,25422,0,human,3
-6,-2,25457,0,human,3
-7,-3,25493,0,human,3
-4,-2,25529,0,human,3
-3,0,25564,0,human,3
-2,0,25600,0,human,3
-15,-3,25635,0,human,3
-52,-14,25670,0,human,3
-56,-9,25705,0,human,3
-55,-2,25739,0,human,3
-28,-9,25773,0,human,3
-8,-12,25806,0,human,3
-17,-17,25839,0,human,3
-2,-4,25859,0,human,3
-1,0,25891,0,human,3
0,-1,25920,0,human,3
4,-8,25951,0,human,3
2,-14,25984,0,human,3
0,-11,26012,0,human,3
0,-3,26042,0,human,3
4,-3,26071,0,human,3
10,-4,26101,0,human,3
15,-2,26130,0,human,3
40,0,26158,0,human,3
11,-2,26183,0,human,3
1,0,26211,0,human,3
11,1,26239,0,human,3
32,7,26267,0,human,3
41,8,26297,0,human,3
45,4,26336,0,human,3
48,2,26367,0,human,3
40,3,26398,0,human,3
34,9,26429,0,human,3
51,13,26461,0,human,3
40,8,26493,0,human,3
48,10,26526,0,human,3
60,12,26560,0,human,3
71,10,26595,0,human,3
54,1,26630,0,human,3
33,2,26665,0,human,3
24,0,26701,0,human,3
8,0,26743,0,human,3
28,5,26782,0,human,3
39,6,26817,0,human,3
51,1,26853,0,human,3
5,0,26888,0,human,3
37,0,26924,0,human,3
83,0,26961,0,human,3
45,-2,26996,0,human,3
14,-2,27031,0,human,3
2,0,27067,0,human,3
16,5,27107,0,human,3
5,6,27144,0,human,3
-2,0,27181,0,human,3
-12,0,27317,0,human,3
9,2,27349,0,human,3
26,0,27381,0,human,3
77,0,27414,0,human,3
75,1,27455,0,human,3
60,-4,27491,0,human,3
48,-12,27526,0,human,3
19,-10,27561,0,human,3
3,-7,27595,0,human,3
0,-4,27628,0,human,3
0,-5,27651,0,human,3
0,-15,27681,0,human,3
3,-22,27712,0,human,3
7,-17,27743,0,human,3
4,-8,27771,0,human,3
2,-4,27799,0,human,3
1,-2,27829,0,human,3
4,-6,27857,0,human,3
8,-7,27885,0,human,3
15,-14,27913,0,human,3
20,-19,27938,0,human,3
24,-22,27966,0,human,3
16,-16,27994,0,human,3
12,-11,28021,0,human,3
9,-13,28049,0,human,3
7,-15,28077,0,human,3
4,-11,28105,0,human,3
1,-10,28132,0,human,3
-3,-3,28162,0,human,3
-4,-6,28190,0,human,3
-14,-6,28218,0,human,3
-25,-8,28245,0,human,3
-23,-8,28272,0,human,3
-15,-6,28298,0,human,3
-10,-6,28326,0,human,3
-18,-11,28354,0,human,3
-33,-21,28382,0,human,3
-21,-17,28411,0,human,3
-8,-12,28438,0,human,3
-5,-12,28465,0,human,3
-5,-6,28495,0,human,3
-8,-6,28529,0,human,3
-12,-7,28559,0,human,3
-36,-22,28587,0,human,3
-2,-2,28617,0,human,3
0,1,28678,0,human,3
6,7,28709,0,human,3
10,10,28742,0,human,3
3,16,28800,0,human,3
-8,25,28842,0,human,3
-7,39,28881,0,human,3
-7,19,28922,0,human,3
-6,6,28959,0,human,3
-1,2,28997,0,human,3
-1,0,29035,0,human,3
-6,-1,29074,0,human,3
-8,-1,29110,0,human,3
-21,0,29157,0,human,3
-1,-1,29200,0,human,3
6,-3,29235,0,human,3
23,-4,29269,0,human,3
10,-3,29306,0,human,3
1,0,29377,0,human,3
25,3,29411,0,human,3
46,9,29447,0,human,3
13,3,29492,0,human,3
19,0,29525,0,human,3
22,0,29559,0,human,3
26,1,29591,0,human,3
17,1,29625,0,human,3
23,1,29658,0,human,3
1,0,29691,0,human,3
1,0,29727,0,human,3
0,-1,29798,0,human,3
1,-3,29839,0,human,3
2,0,29874,0,human,3
7,0,29912,0,human,3
0,-2,30033,0,human,3
0,-2,30119,0,human,3
0,-1,30157,0,human,3
1,0,35854,0,human,3
2,0,35883,0,human,3
1,0,35911,0,human,3
1,0,35939,0,human,3
-1,0,36286,0,human,3
-2,0,36315,0,human,3
-1,0,36341,0,human,3
-4,-1,36367,0,human,3
-7,0,36394,0,human,3
0,1,36477,0,human,3
-1,0,36719,0,human,3
-1,0,36745,0,human,3
-2,1,36771,0,human,3
-21,0,36797,0,human,3
-20,0,36823,0,human,3
-2,0,36849,0,human,3
-5,1,36875,0,human,3
-14,0,36903,0,human,3
-2,0,36931,0,human,3
-5,0,37019,0,human,3
-6,0,37046,0,human,3
-34,0,37072,0,human,3
-7,0,37098,0,human,3
-2,1,37124,0,human,3
-21,3,37153,0,human,3
-21,0,37179,0,human,3
-6,0,37206,0,human,3
-81,2,37232,0,human,3
-105,1,37259,0,human,3
-57,0,37285,0,human,3
-114,0,37311,0,human,3
-80,0,37338,0,human,3
-3,0,37363,0,human,3
2,-1,37390,0,human,3
1,0,37417,0,human,3
-2,0,37471,0,human,3
-9,1,37499,0,human,3
-59,-1,37525,0,human,3
-95,0,37551,0,human,3
-95,2,37578,0,human,3
-52,4,37603,0,human,3
-70,0,37629,0,human,3
-103,0,37655,0,human,3
-53,8,37682,0,human,3
-5,8,37707,0,human,3
-1,2,37735,0,human,3
-17,-8,37894,0,human,3
-113,-27,37920,0,human,3
-97,-5,37947,0,human,3
-106,0,37972,0,human,3
-203,-4,37999,0,human,3
-178,-1,38026,0,human,3
-28,0,38055,0,human,3
-18,0,38071,0,human,3
-78,0,38101,0,human,3
-94,-1,38132,0,human,3
-128,0,38174,0,human,3
-21,0,38201,0,human,3
0,-2,62404,0,human,3
-18,0,62816,0,human,3
-28,-22,63196,0,human,3
1,0,63321,0,human,3
0,2,63636,0,human,3
0,2,63667,0,human,3
0,1,63728,0,human,3
1,1,63760,0,human,3
1,3,63791,0,human,3
0,3,63823,0,human,3
0,1,63976,0,human,3
2,5,64013,0,human,3
0,2,64043,0,human,3
2,6,64072,0,human,3
2,3,64103,0,human,3
2,-1,64201,0,human,3
9,-4,64232,0,human,3
25,-2,64263,0,human,3
10,0,64295,0,human,3
1,0,64326,0,human,3
-1,0,64392,0,human,3
-4,-2,64423,0,human,3
-1,-1,64455,0,human,3
5,0,64519,0,human,3
3,-1,64553,0,human,3
1,0,64585,0,human,3
2,0,64617,0,human,3
17,1,64647,0,human,3
22,7,64675,0,human,3
5,2,64705,0,human,3
-1,0,65076,0,human,3
0,1,65136,0,human,3
0,1,65166,0,human,3
0,1,65195,0,human,3
0,1,65223,0,human,3
1,2,65252,0,human,3
4,2,65280,0,human,3
0,2,65335,0,human,3
-12,0,65363,0,human,3
-21,0,65391,0,human,3
-32,0,65419,0,human,3
-27,0,65446,0,human,3
-27,0,65473,0,human,3
-5,0,65501,0,human,3
-1,0,65529,0,human,3
-4,3,65557,0,human,3
-7,6,65586,0,human,3
-7,5,65615,0,human,3
-39,10,65644,0,human,3
-34,10,65673,0,human,3
-28,16,65703,0,human,3
-51,32,65732,0,human,3
-56,30,65761,0,human,3
-12,7,65792,0,human,3
-21,3,65825,0,human,3
-27,1,65858,0,human,3
-3,0,65887,0,human,3
-26,9,65915,0,human,3
-51,12,65943,0,human,3
-47,1,65970,0,human,3
-12,0,65998,0,human,3
-1,0,66027,0,human,3
-1,-5,66059,0,human,3
23,-5,66091,0,human,3
158,0,66125,0,human,3
82,0,66155,0,human,3
25,0,66183,0,human,3
24,0,66213,0,human,3
50,-5,66243,0,human,3
25,-19,66272,0,human,3
17,-11,66301,0,human,3
11,-9,66329,0,human,3
2,-1,66357,0,human,3
1,0,66386,0,human,3
4,0,66443,0,human,3
4,-4,66473,0,human,3
34,-6,66503,0,human,3
79,0,66532,0,human,3
133,-3,66563,0,human,3
104,0,66592,0,human,3
82,-1,66621,0,human,3
81,-3,66651,0,human,3
48,-2,66680,0,human,3
25,0,66696,0,human,3
8,-1,66749,0,human,3
-2,0,66791,0,human,3
-10,1,66837,0,human,3
9,0,66883,0,human,3
100,3,66927,0,human,3
78,-7,66971,0,human,3
8,-9,67013,0,human,3
0,-1,67050,0,human,3
9,1,67121,0,human,3
28,3,67155,0,human,3
26,0,67191,0,human,3
12,0,67224,0,human,3
14,1,67255,0,human,3
123,18,67286,0,human,3
108,0,67317,0,human,3
32,0,67349,0,human,3
-2,2,67440,0,human,3
-1,0,67533,0,human,3
-19,0,67564,0,human,3
-31,0,67597,0,human,3
-1,0,67631,0,human,3
-14,1,67824,0,human,3
-94,-2,67855,0,human,3
-193,-6,67887,0,human,3
-167,-1,67919,0,human,3
-28,0,67951,0,human,3
1,0,67982,0,human,3
2,0,68014,0,human,3
2,0,68045,0,human,3
79,17,68314,0,human,3
277,16,68345,0,human,3
209,4,68378,0,human,3
69,0,68411,0,human,3
31,-1,68444,0,human,3
45,-1,68477,0,human,3
54,-1,68511,0,human,3
30,-9,68543,0,human,3
40,-8,68575,0,human,3
27,-5,68608,0,human,3
1,0,68642,0,human,3
2,0,68675,0,human,3
7,0,68704,0,human,3
32,0,68735,0,human,3
66,1,68764,0,human,3
33,0,68794,0,human,3
25,-2,68825,0,human,3
8,-4,68857,0,human,3
15,-2,68890,0,human,3
18,-3,68920,0,human,3
22,-4,68950,0,human,3
9,-4,68979,0,human,3
4,-3,69008,0,human,3
5,-1,69039,0,human,3
11,0,69070,0,human,3
17,0,69101,0,human,3
13,-1,69132,0,human,3
3,0,69163,0,human,3
-2,-3,69191,0,human,3
0,-2,69423,0,human,3
-4,-1,69451,0,human,3
-17,-4,69479,0,human,3
-5,-1,69507,0,human,3
-2,-1,69534,0,human,3
-2,0,69562,0,human,3
-14,0,69591,0,human,3
-7,0,69619,0,human,3
5,0,69648,0,human,3
81,4,69677,0,human,3
142,12,69706,0,human,3
151,19,69734,0,human,3
59,9,69762,0,human,3
34,4,69790,0,human,3
33,3,69818,0,human,3
11,0,69847,0,human,3
9,2,69904,0,human,3
19,3,69934,0,human,3
1,0,69963,0,human,3
10,2,69993,0,human,3
61,9,70027,0,human,3
166,11,70063,0,human,3
92,1,70099,0,human,3
39,0,70139,0,human,3
34,3,70177,0,human,3
305,44,70215,0,human,3
160,0,70256,0,human,3
8,2,70295,0,human,3
34,6,70335,0,human,3
-6,0,70453,0,human,3
-2,0,70489,0,human,3
-11,-3,70524,0,human,3
-5,-1,70555,0,human,3
-1,-1,70585,0,human,3
-1,0,70616,0,human,3
-5,0,70718,0,human,3
-34,-7,70751,0,human,3
-43,-28,70783,0,human,3
-18,-17,70817,0,human,3
-10,-11,70850,0,human,3
-3,-3,70883,0,human,3
-1,-2,70917,0,human,3
-1,-4,70951,0,human,3
-5,-4,70984,0,human,3
-8,-5,71018,0,human,3
-11,-9,71051,0,human,3
-14,-6,71087,0,human,3
-15,-8,71122,0,human,3
-38,-11,71155,0,human,3
-39,-9,71188,0,human,3
-48,-7,71221,0,human,3
-144,-10,71255,0,human,3
-144,-6,71288,0,human,3
-237,-1,71322,0,human,3
-141,1,71355,0,human,3
-41,0,71384,0,human,3
-81,0,71415,0,human,3
-160,0,71456,0,human,3
-34,0,71490,0,human,3
-20,0,71510,0,human,3
-70,0,71539,0,human,3
-32,1,71568,0,human,3
-36,0,71604,0,human,3
-21,1,71632,0,human,3
20,0,71715,0,human,3
50,1,71743,0,human,3
43,1,71768,0,human,3
60,2,71795,0,human,3
32,2,71823,0,human,3
7,0,71850,0,human,3
3,0,71877,0,human,3
6,-1,71903,0,human,3
1,-1,71930,0,human,3
1,0,71957,0,human,3
2,-1,72033,0,human,3
2,-1,72059,0,human,3
4,-1,72087,0,human,3
5,-2,72112,0,human,3
14,-1,72138,0,human,3
28,-1,72163,0,human,3
14,-2,72190,0,human,3
3,0,72215,0,human,3
5,-2,72241,0,human,3
8,0,72267,0,human,3
7,0,72293,0,human,3
15,-1,72327,0,human,3
19,0,72352,0,human,3
8,0,72378,0,human,3
11,-1,72404,0,human,3
11,0,72430,0,human,3
4,-1,72456,0,human,3
1,0,72482,0,human,3
3,-1,72507,0,human,3
9,-1,72534,0,human,3
25,-1,72559,0,human,3
40,-2,72585,0,human,3
27,-1,72611,0,human,3
17,0,72638,0,human,3
13,0,72664,0,human,3
18,0,72691,0,human,3
32,0,72717,0,human,3
39,0,72743,0,human,3
31,0,72770,0,human,3
19,0,72796,0,human,3
17,1,72823,0,human,3
25,4,72850,0,human,3
9,2,72877,0,human,3
1,1,73091,0,human,3
15,0,73118,0,human,3
21,0,73144,0,human,3
36,0,73171,0,human,3
29,0,73198,0,human,3
29,0,73225,0,human,3
19,1,73257,0,human,3
9,0,73287,0,human,3
18,0,73315,0,human,3
19,0,73345,0,human,3
22,0,73375,0,human,3
38,-2,73403,0,human,3
28,-3,73433,0,human,3
27,-2,73464,0,human,3
31,0,73494,0,human,3
27,0,73523,0,human,3
25,0,73554,0,human,3
25,0,73583,0,human,3
2,-2,73615,0,human,3
2,0,73645,0,human,3
1,-1,73676,0,human,3
2,0,73707,0,human,3
2,-3,73739,0,human,3
2,-1,73770,0,human,3
0,-1,73801,0,human,3
-1,0,73863,0,human,3
-5,2,73894,0,human,3
7,2,74140,0,human,3
28,0,74171,0,human,3
59,0,74202,0,human,3
44,0,74232,0,human,3
26,0,74263,0,human,3
21,2,74295,0,human,3
12,1,74327,0,human,3
16,2,74359,0,human,3
12,1,74391,0,human,3
13,0,74424,0,human,3
33,2,74455,0,human,3
28,0,74487,0,human,3
22,-4,74519,0,human,3
42,-7,74551,0,human,3
45,-5,74583,0,human,3
34,-3,74606,0,human,3
32,0,74637,0,human,3
16,-1,74664,0,human,3
3,0,74695,0,human,3
1,0,74728,0,human,3
-2,0,74759,0,human,3
-40,1,74785,0,human,3
-170,-1,74815,0,human,3
-225,-2,74855,0,human,3
-8,-1,74885,0,human,3
-1,0,74915,0,human,3
-18,1,75174,0,human,3
-44,0,75203,0,human,3
-70,-1,75231,0,human,3
-43,-2,75261,0,human,3
-21,-1,75289,0,human,3
-3,0,75319,0,human,3
-1,0,75347,0,human,3
-1,0,75435,0,human,3
-18,0,75553,0,human,3
-16,-1,75582,0,human,3
-11,-3,75611,0,human,3
-3,0,75640,0,human,3
5,0,75691,0,human,3
16,1,75719,0,human,3
94,33,75750,0,human,3
41,11,75777,0,human,3
40,0,75866,0,human,3
24,-2,75893,0,human,3
1,0,75923,0,human,3
29,1,75983,0,human,3
17,0,76011,0,human,3
17,0,76160,0,human,3
38,0,76189,0,human,3
11,0,76219,0,human,3
7,0,76249,0,human,3
28,5,76279,0,human,3
54,1,76314,0,human,3
6,0,76346,0,human,3
26,0,76379,0,human,3
15,1,76445,0,human,3
39,2,76479,0,human,3
1,0,76515,0,human,3
10,4,76553,0,human,3
4,1,76591,0,human,3
29,6,76707,0,human,3
8,2,76747,0,human,3
21,5,76785,0,human,3
2,0,76823,0,human,3
4,2,76860,0,human,3
21,7,76899,0,human,3
18,7,76938,0,human,3
10,1,76976,0,human,3
13,0,77016,0,human,3
3,0,77053,0,human,3
1,0,77205,0,human,3
1,0,77279,0,human,3
1,2,77316,0,human,3
34,9,77353,0,human,3
76,7,77389,0,human,3
132,1,77424,0,human,3
45,2,77460,0,human,3
3,0,77532,0,human,3
12,4,77568,0,human,3
1,0,77605,0,human,3
7,3,77641,0,human,3
8,6,77676,0,human,3
2,7,77711,0,human,3
0,7,77745,0,human,3
-2,6,77779,0,human,3
-10,5,77813,0,human,3
-6,1,77847,0,human,3
-3,1,77880,0,human,3
-2,0,77913,0,human,3
-2,-1,77946,0,human,3
-1,0,77975,0,human,3
0,-2,78005,0,human,3
0,-1,78034,0,human,3
0,-1,78063,0,human,3
2,-2,78099,0,human,3
3,-2,78135,0,human,3
-5,0,78238,0,human,3
-9,-4,78271,0,human,3
-3,-16,78305,0,human,3
4,-14,78337,0,human,3
3,-2,78370,0,human,3
2,-1,78403,0,human,3
3,3,78437,0,human,3
8,3,78467,0,human,3
13,0,78497,0,human,3
10,0,78526,0,human,3
23,-6,78555,0,human,3
35,-17,78585,0,human,3
14,-11,78615,0,human,3
0,-13,78643,0,human,3
0,-12,78673,0,human,3
1,-32,78702,0,human,3
10,-41,78733,0,human,3
14,-44,78766,0,human,3
2,-42,78798,0,human,3
0,-27,78830,0,human,3
4,-13,78861,0,human,3
1,-4,78897,0,human,3
2,-3,78932,0,human,3
2,0,78967,0,human,3
1,0,79064,0,human,3
1,3,79099,0,human,3
2,5,79134,0,human,3
0,13,79169,0,human,3
0,43,79207,0,human,3
0,52,79246,0,human,3
-5,55,79286,0,human,3
-27,78,79327,0,human,3
-15,78,79363,0,human,3
13,33,79401,0,human,3
33,34,79439,0,human,3
12,28,79478,0,human,3
-13,18,79515,0,human,3
-38,39,79554,0,human,3
-40,37,79592,0,human,3
-31,16,79628,0,human,3
-19,7,79663,0,human,3
-25,6,79700,0,human,3
-48,0,79735,0,human,3
-37,-14,79773,0,human,3
-52,-43,79811,0,human,3
-43,-29,79851,0,human,3
-33,-37,79889,0,human,3
-11,-37,79927,0,human,3
1,-39,79965,0,human,3
4,-15,80002,0,human,3
5,-9,80036,0,human,3
0,-2,80071,0,human,3
0,-3,80106,0,human,3
-3,-6,80141,0,human,3
-5,-6,80175,0,human,3
-2,-3,80212,0,human,3
-8,-9,80250,0,human,3
-6,-8,80287,0,human,3
-2,-8,80323,0,human,3
-3,-7,80361,0,human,3
-18,-15,80399,0,human,3
0,-4,85877,0,human,3
0,-13,85905,0,human,3
-6,-27,85933,0,human,3
-2,-11,85959,0,human,3
-3,-7,85985,0,human,3
-3,-5,85999,0,human,3
-6,-10,86022,0,human,3
-2,-4,86047,0,human,3
0,-2,86071,0,human,3
0,-3,86095,0,human,3
0,-2,86122,0,human,3
0,-2,86147,0,human,3
0,-1,86171,0,human,3
-4,-1,86243,0,human,3
-12,-3,86270,0,human,3
-10,-4,86294,0,human,3
-15,-6,86318,0,human,3
-14,-9,86340,0,human,3
-6,-3,86364,0,human,3
-8,-3,86415,0,human,3
-16,-5,86439,0,human,3
-6,-3,86460,0,human,3
-4,-2,86484,0,human,3
-23,-6,86508,0,human,3
-7,-2,86534,0,human,3
-3,-1,86586,0,human,3
-24,-5,86611,0,human,3
-7,0,86634,0,human,3
-1,0,86887,0,human,3
-1,0,86962,0,human,3
-5,2,86986,0,human,3
-3,3,87010,0,human,3
-2,2,87035,0,human,3
-3,3,87059,0,human,3
-2,4,87084,0,human,3
-2,6,87109,0,human,3
0,5,87133,0,human,3
0,3,87157,0,human,3
1,4,87182,0,human,3
4,2,87206,0,human,3
0,1,87230,0,human,3
1,0,87253,0,human,3
-2,0,87463,0,human,3
-5,0,87484,0,human,3
-28,0,87508,0,human,3
-68,0,87532,0,human,3
-40,0,87558,0,human,3
-14,6,87591,0,human,3
-9,5,87614,0,human,3
-6,2,87627,0,human,3
-2,2,87651,0,human,3
-3,0,87695,0,human,3
0,1,87719,0,human,3
-2,0,87743,0,human,3
-11,0,87764,0,human,3
-16,0,87787,0,human,3
-13,1,87811,0,human,3
-4,2,87835,0,human,3
-1,0,87857,0,human,3
-18,0,87880,0,human,3
-28,0,87905,0,human,3
-4,0,87928,0,human,3
-2,1,87950,0,human,3
-10,1,87972,0,human,3
-12,3,87998,0,human,3
-4,2,88020,0,human,3
-1,2,88042,0,human,3
0,1,88091,0,human,3
-1,0,88114,0,human,3
0,1,88136,0,human,3
5,2,88159,0,human,3
4,0,88183,0,human,3
-12,0,88424,0,human,3
-18,3,88447,0,human,3
-11,5,88470,0,human,3
-12,7,88494,0,human,3
-15,10,88518,0,human,3
-15,10,88543,0,human,3
-8,6,88567,0,human,3
-13,8,88590,0,human,3
-13,9,88614,0,human,3
-5,4,88637,0,human,3
-4,4,88664,0,human,3
-1,1,88687,0,human,3
6,4,88722,0,human,3
21,5,88747,0,human,3
118,11,88772,0,human,3
184,0,88798,0,human,3
77,0,88810,0,human,3
52,0,88835,0,human,3
3,0,88859,0,human,3
1,0,88883,0,human,3
8,0,88907,0,human,3
13,1,88930,0,human,3
10,0,88954,0,human,3
15,2,88977,0,human,3
14,0,89001,0,human,3
0,-1,89024,0,human,3
-2,0,89119,0,human,3
-2,2,89142,0,human,3
-1,1,89189,0,human,3
-1,3,89212,0,human,3
2,6,89235,0,human,3
5,5,89259,0,human,3
10,7,89283,0,human,3
14,10,89306,0,human,3
24,11,89329,0,human,3
24,15,89353,0,human,3
19,12,89377,0,human,3
17,13,89401,0,human,3
18,16,89425,0,human,3
19,11,89449,0,human,3
17,7,89473,0,human,3
10,4,89498,0,human,3
20,8,89522,0,human,3
14,4,89547,0,human,3
35,10,89571,0,human,3
53,11,89595,0,human,3
36,4,89619,0,human,3
11,0,89644,0,human,3
1,0,89668,0,human,3
8,0,89717,0,human,3
34,2,89741,0,human,3
38,1,89765,0,human,3
19,1,89789,0,human,3
-2,0,89812,0,human,3
-1,0,89835,0,human,3
-2,0,89859,0,human,3
-11,0,89881,0,human,3
-22,-2,89903,0,human,3
-24,-3,89923,0,human,3
-57,-7,89944,0,human,3
-163,-18,89966,0,human,3
-113,-7,89987,0,human,3
-62,-5,90007,0,human,3
-50,-3,90028,0,human,3
-79,-18,90049,0,human,3
-110,-25,90070,0,human,3
-92,-17,90091,0,human,3
-59,-15,90115,0,human,3
-81,-17,90139,0,human,3
-76,-12,90172,0,human,3
-35,-10,90197,0,human,3
-53,-11,90223,0,human,3
-53,-9,90251,0,human,3
-15,-1,90280,0,human,3
2,0,90377,0,human,3
2,0,90413,0,human,3
-3,0,90552,0,human,3
-3,0,90577,0,human,3
-3,0,90602,0,human,3
-7,-3,90624,0,human,3
-15,-4,90660,0,human,3
-7,-2,90684,0,human,3
-1,-1,90699,0,human,3
-8,-1,90723,0,human,3
-6,0,90744,0,human,3
-3,0,90768,0,human,3
-1,0,90793,0,human,3
-1,0,90819,0,human,3
-1,0,90844,0,human,3
-1,0,90867,0,human,3
-4,0,90891,0,human,3
-7,0,90928,0,human,3
-10,-1,90955,0,human,3
-3,0,90968,0,human,3
-2,-1,90993,0,human,3
-7,-2,91031,0,human,3
-2,-1,91056,0,human,3
-3,0,92231,0,human,3
-11,0,92256,0,human,3
-17,0,92287,0,human,3
-2,0,92311,0,human,3
-1,0,92335,0,human,3
-1,0,92357,0,human,3
-3,3,92382,0,human,3
-12,4,92406,0,human,3
-23,1,92430,0,human,3
-40,0,92455,0,human,3
-38,0,92479,0,human,3
-37,-1,92504,0,human,3
-26,0,92529,0,human,3
-8,0,92553,0,human,3
-5,0,92578,0,human,3
-21,2,92603,0,human,3
-46,6,92627,0,human,3
-41,0,92653,0,human,3
-16,0,92679,0,human,3
-4,-1,92703,0,human,3
-3,0,92729,0,human,3
-4,0,92755,0,human,3
-21,0,92781,0,human,3
-59,-2,92807,0,human,3
-62,0,92834,0,human,3
-44,0,92860,0,human,3
-11,0,92887,0,human,3
-1,0,92913,0,human,3
2,0,93072,0,human,3
3,0,93099,0,human,3
3,1,93114,0,human,3
31,3,93139,0,human,3
51,2,93165,0,human,3
33,1,93191,0,human,3
8,0,93218,0,human,3
13,0,93244,0,human,3
13,1,93271,0,human,3
5,1,93295,0,human,3
12,2,93320,0,human,3
3,0,93344,0,human,3
-4,1,93468,0,human,3
-140,-24,93492,0,human,3
-252,-12,93529,0,human,3
-86,0,93555,0,human,3
-9,2,93579,0,human,3
-5,3,93604,0,human,3
-2,0,93629,0,human,3
-1,0,93654,0,human,3
3,2,93727,0,human,3
11,2,93751,0,human,3
24,1,93775,0,human,3
10,0,93801,0,human,3
-4,2,93875,0,human,3
-4,1,93899,0,human,3
-18,4,93922,0,human,3
-18,2,93944,0,human,3
-33,5,93967,0,human,3
-16,4,93990,0,human,3
-1,0,94013,0,human,3
2,1,94035,0,human,3
5,1,94059,0,human,3
15,3,94082,0,human,3
17,7,94105,0,human,3
7,5,94128,0,human,3
6,7,94151,0,human,3
6,7,94175,0,human,3
3,9,94199,0,human,3
1,5,94228,0,human,3
0,2,94255,0,human,3
2,5,94281,0,human,3
5,7,94303,0,human,3
3,3,94326,0,human,3
2,2,94350,0,human,3
4,5,94375,0,human,3
4,10,94399,0,human,3
2,21,94424,0,human,3
0,34,94447,0,human,3
-2,43,94471,0,human,3
-4,34,94495,0,human,3
3,35,94523,0,human,3
9,18,94544,0,human,3
14,16,94566,0,human,3
0,1,94590,0,human,3
0,1,94612,0,human,3
0,2,94638,0,human,3
2,8,94665,0,human,3
37,26,94688,0,human,3
61,25,94712,0,human,3
207,37,94741,0,human,3
164,2,94769,0,human,3
89,0,94796,0,human,3
23,-1,94814,0,human,3
48,-6,94840,0,human,3
61,-10,94864,0,human,3
98,-6,94886,0,human,3
99,-3,94915,0,human,3
104,-7,94940,0,human,3
57,-15,94965,0,human,3
10,-15,94990,0,human,3
0,-19,95015,0,human,3
0,-15,95039,0,human,3
0,-8,95064,0,human,3
1,-6,95089,0,human,3
11,-11,95115,0,human,3
35,-11,95141,0,human,3
60,-9,95167,0,human,3
79,-10,95195,0,human,3
62,-1,95223,0,human,3
105,2,95252,0,human,3
113,13,95282,0,human,3
220,11,95311,0,human,3
143,5,95339,0,human,3
41,-2,95369,0,human,3
-6,-5,95399,0,human,3
-16,-8,95429,0,human,3
-24,-15,95460,0,human,3
-16,-16,95491,0,human,3
-3,-11,95519,0,human,3
-1,-12,95547,0,human,3
0,-9,95575,0,human,3
-38,-35,95603,0,human,3
-46,-25,95631,0,human,3
-19,-5,95660,0,human,3
-9,-2,95690,0,human,3
-16,-1,95721,0,human,3
-22,-4,95752,0,human,3
-25,-4,95783,0,human,3
-3,0,95814,0,human,3
0,-1,95845,0,human,3
0,-1,95877,0,human,3
1,-2,95909,0,human,3
-1,0,96054,0,human,3
-1,1,96083,0,human,3
-1,0,96083,0,human,3
-2,1,96110,0,human,3
-2,3,96137,0,human,3
-4,1,96164,0,human,3
-4,0,96191,0,human,3
-15,1,96217,0,human,3
-31,0,96243,0,human,3
-19,0,96268,0,human,3
-3,0,96293,0,human,3
-6,0,96381,0,human,3
-21,0,96410,0,human,3
-25,1,96439,0,human,3
-57,-1,96467,0,human,3
-51,0,96495,0,human,3
-62,0,96524,0,human,3
-61,0,96552,0,human,3
-54,-1,96580,0,human,3
-29,0,96607,0,human,3
-29,-5,96635,0,human,3
-30,-3,96662,0,human,3
-19,-2,96687,0,human,3
-3,0,96715,0,human,3
-3,-1,96795,0,human,3
-42,-7,96821,0,human,3
-63,-9,96847,0,human,3
-19,-3,96875,0,human,3
-10,0,97120,0,human,3
-29,-1,97147,0,human,3
-25,0,97174,0,human,3
-9,0,97201,0,human,3
-1,0,97227,0,human,3
-4,0,97280,0,human,3
-25,-3,97308,0,human,3
-41,-2,97335,0,human,3
-23,-2,97362,0,human,3
-4,0,97389,0,human,3
-1,0,97443,0,human,3
-6,0,97495,0,human,3
-23,0,97520,0,human,3
-19,-1,97545,0,human,3
-2,0,97571,0,human,3
-1,0,97595,0,human,3
-7,0,97622,0,human,3
-5,0,97647,0,human,3
-1,0,97673,0,human,3
-1,0,97777,0,human,3
-15,-1,97803,0,human,3
-41,-3,97830,0,human,3
-4,0,97856,0,human,3
-6,-1,97910,0,human,3
-4,-1,97937,0,human,3
-2,0,97964,0,human,3
-6,0,97991,0,human,3
-7,0,98009,0,human,3
-8,-2,98034,0,human,3
-24,-2,98058,0,human,3
-48,-9,98082,0,human,3
-55,-8,98106,0,human,3
-49,-4,98131,0,human,3
-37,-3,98154,0,human,3
-58,-6,98187,0,human,3
-27,-3,98214,0,human,3
-10,-3,98242,0,human,3
-2,-2,98269,0,human,3
-3,0,98323,0,human,3
-13,-2,98351,0,human,3
-14,-3,98377,0,human,3
-6,0,98392,0,human,3
-11,-3,98416,0,human,3
-16,-2,98440,0,human,3
-6,-1,98464,0,human,3
-1,0,98489,0,human,3
-4,0,98524,0,human,3
-14,0,98549,0,human,3
-6,0,98574,0,human,3
-1,0,98599,0,human,3
-2,0,98624,0,human,3
-1,1,98650,0,human,3
-2,0,98750,0,human,3
-8,0,98775,0,human,3
-11,0,98799,0,human,3
-9,0,98824,0,human,3
-2,0,98846,0,human,3
-3,0,98871,0,human,3
-9,0,98894,0,human,3
-14,0,98916,0,human,3
-25,0,98939,0,human,3
-20,0,98962,0,human,3
-31,0,98984,0,human,3
-27,0,99005,0,human,3
-24,-1,99028,0,human,3
-11,-1,99243,0,human,3
-125,-31,99264,0,human,3
-249,-37,99299,0,human,3
-121,-4,99323,0,human,3
-47,0,99349,0,human,3
-18,0,99375,0,human,3
-15,0,99401,0,human,3
-8,2,99428,0,human,3
-6,2,99481,0,human,3
-5,2,99508,0,human,3
-2,0,99535,0,human,3
-5,2,99562,0,human,3
-5,1,99805,0,human,3
-27,0,99835,0,human,3
-20,0,99863,0,human,3
-25,0,99892,0,human,3
-45,0,99921,0,human,3
-70,-2,99951,0,human,3
-56,0,99979,0,human,3
-20,0,100008,0,human,3
-3,0,100037,0,human,3
-1,0,100185,0,human,3
-2,1,100215,0,human,3
-9,0,100242,0,human,3
-48,1,100268,0,human,3
-57,0,100295,0,human,3
-78,0,100321,0,human,3
-106,0,100347,0,human,3
-109,0,100374,0,human,3
-140,-2,100400,0,human,3
-131,0,100427,0,human,3
-81,1,100459,0,human,3
-49,2,100491,0,human,3
-38,1,100521,0,human,3
-62,0,100555,0,human,3
-62,4,100587,0,human,3
-31,7,100620,0,human,3
-4,2,100653,0,human,3
-4,1,100807,0,human,3
-81,-8,100837,0,human,3
-231,-2,100867,0,human,3
-192,0,100898,0,human,3
-42,2,100930,0,human,3
-3,1,100951,0,human,3
-9,0,100983,0,human,3
-4,1,101012,0,human,3
-3,1,101048,0,human,3
-5,0,101080,0,human,3
-22,0,106678,0,human,3
-86,-5,106709,0,human,3
-51,-3,106739,0,human,3
1,-1,106769,0,human,3
5,-1,106797,0,human,3
-1,0,106826,0,human,3
-18,0,106855,0,human,3
-8,0,106883,0,human,3
0,-1,106911,0,human,3
0,-1,106939,0,human,3
0,-1,106967,0,human,3
12,-1,107079,0,human,3
49,1,107107,0,human,3
137,8,107135,0,human,3
90,3,107163,0,human,3
23,-3,107192,0,human,3
1,-2,107219,0,human,3
0,-1,107252,0,human,3
-1,0,107315,0,human,3
-1,0,107344,0,human,3
-2,0,107611,0,human,3
-1,1,107643,0,human,3
-4,5,107674,0,human,3
-9,7,107704,0,human,3
-16,14,107734,0,human,3
-12,11,107763,0,human,3
-3,2,107794,0,human,3
-6,3,107823,0,human,3
-5,2,107852,0,human,3
-4,2,107881,0,human,3
-3,1,107910,0,human,3
-4,0,107939,0,human,3
-5,0,107968,0,human,3
-3,0,107996,0,human,3
-4,1,108027,0,human,3
-1,0,108057,0,human,3
0,-1,108087,0,human,3
3,-7,108117,0,human,3
6,-8,108146,0,human,3
0,-6,108175,0,human,3
0,-1,108203,0,human,3
0,-1,108232,0,human,3
-1,-1,108261,0,human,3
-2,-3,108289,0,human,3
-2,-7,108318,0,human,3
-1,-6,108346,0,human,3
0,-4,108375,0,human,3
0,-4,108403,0,human,3
3,-4,108431,0,human,3
3,-6,108459,0,human,3
6,-13,108489,0,human,3
11,-27,108518,0,human,3
9,-16,108547,0,human,3
5,-5,108574,0,human,3
3,-1,108603,0,human,3
1,0,108661,0,human,3
0,5,108746,0,human,3
2,22,108775,0,human,3
4,7,108804,0,human,3
0,1,108832,0,human,3
2,-1,108861,0,human,3
7,-13,108887,0,human,3
8,-11,108914,0,human,3
27,1,108940,0,human,3
81,43,108967,0,human,3
126,60,108996,0,human,3
142,72,109023,0,human,3
149,49,109051,0,human,3
191,37,109079,0,human,3
183,2,109100,0,human,3
149,-19,109134,0,human,3
9,-24,109163,0,human,3
-1,-5,109192,0,human,3
5,0,109220,0,human,3
14,5,109247,0,human,3
116,12,109275,0,human,3
187,-12,109303,0,human,3
9,-39,109334,0,human,3
-18,-23,109363,0,human,3
-12,-17,109392,0,human,3
-2,-29,109422,0,human,3
10,-30,109451,0,human,3
50,-20,109479,0,human,3
33,-2,109510,0,human,3
1,2,109568,0,human,3
2,5,109597,0,human,3
5,8,109626,0,human,3
1,0,109681,0,human,3
0,-3,109708,0,human,3
-1,-5,109736,0,human,3
0,-9,109765,0,human,3
6,-6,109783,0,human,3
38,-9,109809,0,human,3
30,-3,109834,0,human,3
33,0,109859,0,human,3
44,-3,109883,0,human,3
99,-24,109911,0,human,3
174,-50,109934,0,human,3
121,-29,109959,0,human,3
22,-6,109985,0,human,3
0,-1,110010,0,human,3
-6,3,110061,0,human,3
-3,3,110087,0,human,3
-1,1,110114,0,human,3
-1,2,110139,0,human,3
-1,3,110164,0,human,3
-1,1,110189,0,human,3
-1,0,110215,0,human,3
0,1,110265,0,human,3
6,8,110291,0,human,3
30,23,110319,0,human,3
40,18,110345,0,human,3
3,0,110374,0,human,3
1,0,110426,0,human,3
1,0,110454,0,human,3
4,-2,110479,0,human,3
8,-4,110507,0,human,3
1,-6,110536,0,human,3
0,-1,110563,0,human,3
3,0,110616,0,human,3
71,9,110643,0,human,3
98,6,110669,0,human,3
26,1,110696,0,human,3
24,2,110725,0,human,3
90,13,110755,0,human,3
135,9,110786,0,human,3
106,16,110815,0,human,3
92,16,110842,0,human,3
1,0,110881,0,human,3
16,2,111078,0,human,3
49,0,111109,0,human,3
71,5,111140,0,human,3
123,12,111171,0,human,3
104,17,111201,0,human,3
69,13,111235,0,human,3
39,6,111269,0,human,3
28,7,111304,0,human,3
77,20,111339,0,human,3
69,12,111374,0,human,3
28,7,111407,0,human,3
3,0,111439,0,human,3
2,0,111537,0,human,3
12,-12,111571,0,human,3
8,-12,111606,0,human,3
1,-5,111641,0,human,3
48,4,111711,0,human,3
242,4,111743,0,human,3
81,-9,111775,0,human,3
0,-1,111807,0,human,3
11,0,111838,0,human,3
74,0,111870,0,human,3
184,1,111903,0,human,3
168,1,111933,0,human,3
79,3,111952,0,human,3
63,0,111978,0,human,3
15,0,112003,0,human,3
-15,-8,112027,0,human,3
1,0,112203,0,human,3
19,-4,112231,0,human,3
3,-2,112256,0,human,3
0,-3,112281,0,human,3
7,-8,112307,0,human,3
12,-13,112332,0,human,3
26,-12,112358,0,human,3
33,-4,112385,0,human,3
20,-5,112410,0,human,3
5,-5,112434,0,human,3
1,-6,112456,0,human,3
-12,-3,112480,0,human,3
-14,0,112505,0,human,3
-5,2,112529,0,human,3
-9,5,112555,0,human,3
-20,7,112579,0,human,3
-29,2,112600,0,human,3
-38,4,112627,0,human,3
-9,3,112654,0,human,3
-5,0,112681,0,human,3
-3,3,112707,0,human,3
-2,4,112735,0,human,3
-3,13,112761,0,human,3
-3,27,112786,0,human,3
1,34,112811,0,human,3
15,31,112837,0,human,3
21,43,112863,0,human,3
11,40,112889,0,human,3
2,40,112915,0,human,3
-1,32,112941,0,human,3
-9,20,112967,0,human,3
-4,7,112994,0,human,3
-4,0,113021,0,human,3
-3,0,113047,0,human,3
-9,-3,113072,0,human,3
-27,-6,113098,0,human,3
-18,0,113121,0,human,3
-5,0,113144,0,human,3
-3,0,113168,0,human,3
-7,-2,113192,0,human,3
-4,-2,113211,0,human,3
-6,-4,113238,0,human,3
-3,-5,113259,0,human,3
-7,-14,113279,0,human,3
-21,-42,113301,0,human,3
-8,-24,113320,0,human,3
0,-27,113343,0,human,3
0,-29,113364,0,human,3
0,-26,113379,0,human,3
-1,-26,113400,0,human,3
3,-27,113423,0,human,3
6,-14,113444,0,human,3
10,-21,113467,0,human,3
9,-14,113492,0,human,3
4,-7,113515,0,human,3
1,-1,113539,0,human,3
3,-2,113562,0,human,3
2,-1,113585,0,human,3
1,-1,113609,0,human,3
1,0,113661,0,human,3
1,0,113687,0,human,3
1,0,113712,0,human,3
3,1,113744,0,human,3
3,1,113770,0,human,3
16,2,113796,0,human,3
17,1,113822,0,human,3
14,-3,113849,0,human,3
5,-8,113876,0,human,3
3,-3,113902,0,human,3
0,7,113978,0,human,3
0,5,114002,0,human,3
1,1,114023,0,human,3
1,-2,114171,0,human,3
1,-1,114197,0,human,3
1,1,114307,0,human,3
1,2,114333,0,human,3
1,2,114359,0,human,3
1,-1,114533,0,human,3
1,-2,114558,0,human,3
6,-10,114585,0,human,3
5,-12,114613,0,human,3
14,-28,114640,0,human,3
51,-44,114673,0,human,3
1,-2,120274,0,human,3
1,-3,120302,0,human,3
0,-1,120329,0,human,3
0,-1,120358,0,human,3
-2,2,120413,0,human,3
-1,2,120440,0,human,3
1,0,120558,0,human,3
0,1,120646,0,human,3
0,1,120673,0,human,3
0,2,120699,0,human,3
-1,3,120726,0,human,3
0,6,120753,0,human,3
0,2,120780,0,human,3
0,1,120863,0,human,3
-2,3,120890,0,human,3
-1,3,120916,0,human,3
0,4,120941,0,human,3
6,9,120967,0,human,3
21,21,120991,0,human,3
17,11,121017,0,human,3
20,10,121042,0,human,3
58,21,121067,0,human,3
95,20,121092,0,human,3
79,14,121118,0,human,3
81,22,121143,0,human,3
89,26,121174,0,human,3
23,7,121191,0,human,3
3,0,121216,0,human,3
-11,2,121341,0,human,3
-106,-13,121366,0,human,3
-154,-27,121392,0,human,3
-48,-17,121430,0,human,3
-39,-22,121460,0,human,3
-39,-21,121484,0,human,3
-12,-6,121508,0,human,3
-5,-2,121533,0,human,3
-11,-5,121559,0,human,3
-25,-5,121582,0,human,3
-16,-6,121607,0,human,3
-11,-8,121632,0,human,3
-14,-11,121658,0,human,3
-2,-2,121683,0,human,3
-1,0,121735,0,human,3
-11,-4,121761,0,human,3
-27,-10,121790,0,human,3
-52,-20,121816,0,human,3
-49,-21,121843,0,human,3
-32,-17,121872,0,human,3
-1,-4,121904,0,human,3
4,-3,121930,0,human,3
1,0,121955,0,human,3
10,3,121981,0,human,3
88,16,122007,0,human,3
104,2,122034,0,human,3
26,-6,122065,0,human,3
22,0,122083,0,human,3
182,31,122110,0,human,3
377,65,122139,0,human,3
172,4,122166,0,human,3
26,0,122192,0,human,3
2,0,122217,0,human,3
1,0,122267,0,human,3
-2,-1,122294,0,human,3
-15,-3,122321,0,human,3
-6,-2,122349,0,human,3
-2,-1,122375,0,human,3
1,0,122428,0,human,3
5,-6,122456,0,human,3
13,-11,122484,0,human,3
15,-20,122515,0,human,3
3,-6,122542,0,human,3
-18,-1,122592,0,human,3
-15,0,122619,0,human,3
-6,1,122648,0,human,3
-4,2,122675,0,human,3
-1,0,122724,0,human,3
-4,0,122748,0,human,3
-6,4,122774,0,human,3
-7,4,122799,0,human,3
-1,3,122826,0,human,3
-1,4,122847,0,human,3
-1,1,122872,0,human,3
0,2,122896,0,human,3
0,1,122920,0,human,3
0,4,122945,0,human,3
4,6,122970,0,human,3
10,9,122994,0,human,3
34,15,123018,0,human,3
33,13,123043,0,human,3
12,6,123067,0,human,3
0,2,123091,0,human,3
0,1,123139,0,human,3
0,1,123163,0,human,3
-2,2,123187,0,human,3
-7,1,123212,0,human,3
-4,2,123237,0,human,3
-7,1,123262,0,human,3
-10,1,123289,0,human,3
-6,0,123311,0,human,3
-21,0,123337,0,human,3
-31,-1,123362,0,human,3
-25,-1,123387,0,human,3
-17,-1,123412,0,human,3
-11,-1,123438,0,human,3
-6,0,123463,0,human,3
-8,0,123487,0,human,3
-4,0,123513,0,human,3
-1,0,123539,0,human,3
-2,0,123564,0,human,3
-2,0,123590,0,human,3
-6,0,123615,0,human,3
-2,0,123641,0,human,3
-2,0,123667,0,human,3
-6,0,123693,0,human,3
-8,-2,123719,0,human,3
-12,0,123745,0,human,3
-25,-2,123771,0,human,3
-17,-2,123796,0,human,3
-6,-1,123821,0,human,3
-7,0,123847,0,human,3
-8,-2,123872,0,human,3
-12,-2,123897,0,human,3
-7,-1,123923,0,human,3
-5,0,123947,0,human,3
-6,0,123972,0,human,3
-2,0,123996,0,human,3
-2,0,124022,0,human,3
-1,0,124071,0,human,3
-2,0,124096,0,human,3
-1,0,124121,0,human,3
-3,0,124146,0,human,3
-6,1,124170,0,human,3
-6,3,124195,0,human,3
-14,11,124220,0,human,3
-12,7,124245,0,human,3
-2,2,124269,0,human,3
0,2,124295,0,human,3
0,3,124319,0,human,3
0,5,124345,0,human,3
0,7,124370,0,human,3
-1,6,124395,0,human,3
-2,6,124420,0,human,3
0,5,124446,0,human,3
-1,5,124471,0,human,3
1,8,124497,0,human,3
5,11,124523,0,human,3
11,23,124548,0,human,3
4,18,124573,0,human,3
-1,7,124599,0,human,3
-4,6,124624,0,human,3
-4,4,124650,0,human,3
-10,11,124675,0,human,3
-6,12,124701,0,human,3
-8,12,124739,0,human,3
-5,8,124765,0,human,3
-7,7,124791,0,human,3
-12,9,124817,0,human,3
-9,9,124843,0,human,3
-3,6,124870,0,human,3
-1,0,124896,0,human,3
0,1,124923,0,human,3
2,0,124999,0,human,3
7,-1,125027,0,human,3
49,-2,125051,0,human,3
175,-2,125077,0,human,3
231,-2,125102,0,human,3
103,-2,125125,0,human,3
64,-1,125151,0,human,3
159,-8,125179,0,human,3
203,-20,125211,0,human,3
101,-34,125229,0,human,3
48,-34,125255,0,human,3
7,-29,125295,0,human,3
0,-13,125324,0,human,3
0,-3,125354,0,human,3
0,-2,125381,0,human,3
3,-1,125408,0,human,3
5,-3,125435,0,human,3
9,-6,125463,0,human,3
14,-7,125491,0,human,3
19,-11,125519,0,human,3
20,-11,125547,0,human,3
16,-16,125575,0,human,3
16,-19,125604,0,human,3
33,-32,125632,0,human,3
40,-30,125660,0,human,3
52,-29,125687,0,human,3
31,-14,125715,0,human,3
1,-1,125907,0,human,3
71,-17,125934,0,human,3
126,-2,125961,0,human,3
107,9,125988,0,human,3
163,34,126016,0,human,3
166,44,126043,0,human,3
162,24,126067,0,human,3
94,6,126093,0,human,3
59,1,126118,0,human,3
52,-5,126143,0,human,3
41,0,126167,0,human,3
53,0,126192,0,human,3
36,-4,126217,0,human,3
49,1,126242,0,human,3
103,6,126267,0,human,3
53,0,126293,0,human,3
0,-1,126319,0,human,3
-6,-2,126332,0,human,3
-17,-2,126358,0,human,3
-151,-29,126397,0,human,3
-106,-14,126423,0,human,3
-52,-15,126448,0,human,3
-45,-22,126473,0,human,3
-51,-21,126497,0,human,3
-44,-18,126521,0,human,3
-27,-8,126545,0,human,3
-36,-7,126569,0,human,3
-51,-6,126593,0,human,3
-31,-3,126618,0,human,3
-1,0,126643,0,human,3
7,0,126717,0,human,3
13,1,126742,0,human,3
5,5,126767,0,human,3
3,10,126791,0,human,3
6,12,126816,0,human,3
7,9,126841,0,human,3
0,1,126866,0,human,3
-1,0,127275,0,human,3
-1,1,127300,0,human,3
-1,0,127325,0,human,3
-1,0,127349,0,human,3
-5,0,127398,0,human,3
-10,1,127422,0,human,3
-27,0,127446,0,human,3
-79,4,127471,0,human,3
-101,2,127495,0,human,3
-62,2,127519,0,human,3
-34,0,127544,0,human,3
-42,0,127569,0,human,3
-34,0,127595,0,human,3
-22,-1,127620,0,human,3
-19,-2,127645,0,human,3
-44,-3,127671,0,human,3
-28,0,127698,0,human,3
-5,0,127724,0,human,3
-1,0,127750,0,human,3
-2,0,127776,0,human,3
-4,0,127830,0,human,3
-35,-1,127856,0,human,3
-89,-4,127883,0,human,3
-86,0,127910,0,human,3
-24,0,127937,0,human,3
-17,0,127964,0,human,3
-17,2,127991,0,human,3
-21,5,128019,0,human,3
-11,8,128055,0,human,3
-2,1,128088,0,human,3
0,1,128152,0,human,3
-2,4,128183,0,human,3
-8,8,128215,0,human,3
-9,1,128241,0,human,3
-3,2,128268,0,human,3
0,-1,128349,0,human,3
-1,0,128541,0,human,3
-1,0,128569,0,human,3
0,1,128731,0,human,3
-3,0,128757,0,human,3
-1,2,128783,0,human,3
0,1,128809,0,human,3
-2,1,128835,0,human,3
0,1,128862,0,human,3
-1,1,128887,0,human,3
0,1,128913,0,human,3
-1,0,128939,0,human,3
-1,0,128965,0,human,3
5,-1,129379,0,human,3
4,-2,129404,0,human,3
25,5,129509,0,human,3
34,12,129535,0,human,3
17,8,129562,0,human,3
1,1,129587,0,human,3
0,3,129618,0,human,3
0,2,129644,0,human,3
0,1,129672,0,human,3
0,1,129690,0,human,3
0,4,129715,0,human,3
-1,3,129742,0,human,3
-1,4,129772,0,human,3
-1,4,129796,0,human,3
0,5,129821,0,human,3
0,5,129846,0,human,3
0,3,129871,0,human,3
0,3,129895,0,human,3
0,1,129919,0,human,3
0,1,129943,0,human,3
0,1,129967,0,human,3
0,1,129991,0,human,3
2,1,130323,0,human,3
4,1,130350,0,human,3
14,3,130377,0,human,3
7,0,130403,0,human,3
0,1,130430,0,human,3
4,1,130706,0,human,3
7,2,130735,0,human,3
8,1,130763,0,human,3
15,3,130790,0,human,3
21,6,130818,0,human,3
39,8,130844,0,human,3
42,2,130871,0,human,3
43,5,130898,0,human,3
40,0,130924,0,human,3
1,0,130950,0,human,3
1,0,130975,0,human,3
7,0,131000,0,human,3
15,2,131025,0,human,3
25,5,131050,0,human,3
48,13,131075,0,human,3
72,10,131099,0,human,3
32,4,131123,0,human,3
8,1,131147,0,human,3
3,1,131168,0,human,3
24,7,131193,0,human,3
88,21,131218,0,human,3
52,8,131243,0,human,3
63,2,131268,0,human,3
22,-1,131291,0,human,3
18,-11,131318,0,human,3
17,-16,131343,0,human,3
18,-22,131367,0,human,3
23,-18,131392,0,human,3
17,-12,131416,0,human,3
5,-7,131440,0,human,3
1,-5,131464,0,human,3
0,-4,131488,0,human,3
0,-1,131512,0,human,3
2,2,131769,0,human,3
6,2,131796,0,human,3
16,3,131824,0,human,3
33,3,131851,0,human,3
22,0,131878,0,human,3
9,-4,131903,0,human,3
12,-5,131927,0,human,3
37,-10,131955,0,human,3
20,-8,131980,0,human,3
10,-2,132007,0,human,3
11,-2,132034,0,human,3
15,-8,132060,0,human,3
25,-13,132087,0,human,3
57,-15,132115,0,human,3
57,-1,132142,0,human,3
43,-3,132170,0,human,3
27,-2,132203,0,human,3
44,4,132231,0,human,3
61,11,132260,0,human,3
63,8,132290,0,human,3
10,0,132318,0,human,3
1,-1,132431,0,human,3
10,-6,132460,0,human,3
12,-12,132490,0,human,3
14,-27,132518,0,human,3
24,-29,132546,0,human,3
24,-21,132574,0,human,3
39,-5,132601,0,human,3
30,0,132629,0,human,3
8,0,132656,0,human,3
-3,0,132742,0,human,3
-6,0,132771,0,human,3
-9,0,132800,0,human,3
-3,0,132828,0,human,3
-3,0,132856,0,human,3
-20,-3,132883,0,human,3
-14,-8,132911,0,human,3
-11,-12,132937,0,human,3
-17,-16,132963,0,human,3
-3,-4,132989,0,human,3
-2,-1,133041,0,human,3
-14,-6,133068,0,human,3
-1,-1,133095,0,human,3
0,-1,133122,0,human,3
0,-2,133148,0,human,3
5,-2,133175,0,human,3
3,0,133202,0,human,3
2,0,133228,0,human,3
2,0,133255,0,human,3
3,0,133280,0,human,3
5,0,133306,0,human,3
4,-3,133334,0,human,3
0,-3,133360,0,human,3
-4,-6,133387,0,human,3
-8,-1,133415,0,human,3
-10,-3,133441,0,human,3
-2,-1,133467,0,human,3
-4,-2,133492,0,human,3
-7,-5,133519,0,human,3
-7,-6,133545,0,human,3
-8,-8,133571,0,human,3
-5,-4,133596,0,human,3
-1,0,133699,0,human,3
-4,-2,133726,0,human,3
-10,-5,133753,0,human,3
-6,-1,133780,0,human,3
-4,-1,133807,0,human,3
-4,0,133833,0,human,3
-12,0,133859,0,human,3
-17,0,133884,0,human,3
-6,0,133910,0,human,3
-10,1,133935,0,human,3
-7,0,133961,0,human,3
-1,2,133986,0,human,3
-1,1,134011,0,human,3
-1,2,134037,0,human,3
-1,2,134063,0,human,3
-2,2,134109,0,human,3
-7,7,134131,0,human,3
-6,5,134155,0,human,3
-5,7,134178,0,human,3
-2,2,134201,0,human,3
-2,1,134224,0,human,3
-4,2,134247,0,human,3
-5,0,134270,0,human,3
-15,4,134293,0,human,3
-29,0,134316,0,human,3
-17,3,134339,0,human,3
-20,2,134362,0,human,3
-25,0,134385,0,human,3
-20,2,134408,0,human,3
-3,0,134431,0,human,3
-2,2,134455,0,human,3
-4,2,134477,0,human,3
-1,1,134500,0,human,3
-2,1,134523,0,human,3
-3,0,134546,0,human,3
-6,0,134568,0,human,3
-6,0,134591,0,human,3
-7,0,134617,0,human,3
-3,0,134636,0,human,3
2,0,134700,0,human,3
17,3,134723,0,human,3
51,14,134745,0,human,3
57,14,134770,0,human,3
33,8,134790,0,human,3
1,0,134812,0,human,3
5,3,134859,0,human,3
28,12,134887,0,human,3
27,7,134913,0,human,3
11,2,134939,0,human,3
17,6,134965,0,human,3
20,5,134991,0,human,3
10,2,135018,0,human,3
14,4,135044,0,human,3
37,10,135071,0,human,3
7,2,135099,0,human,3
2,1,135265,0,human,3
1,1,135292,0,human,3
-1,0,135403,0,human,3
-4,2,135431,0,human,3
-8,0,135458,0,human,3
-15,0,135485,0,human,3
-13,0,135512,0,human,3
-30,-3,135539,0,human,3
-22,-2,135566,0,human,3
-20,-3,135593,0,human,3
-41,-9,135619,0,human,3
-38,-5,135646,0,human,3
-20,-1,135672,0,human,3
-34,-6,135698,0,human,3
-35,-6,135723,0,human,3
-38,-8,135748,0,human,3
-88,-10,135773,0,human,3
-106,-8,135797,0,human,3
-37,0,135812,0,human,3
-91,-2,135839,0,human,3
-70,0,135862,0,human,3
-67,0,135883,0,human,3
-50,0,135902,0,human,3
-83,0,135923,0,human,3
-81,0,135943,0,human,3
-54,1,135955,0,human,3
-73,1,135975,0,human,3
-17,0,135986,0,human,3
-54,7,136017,0,human,3
-22,7,136038,0,human,3
-6,4,136059,0,human,3
-1,1,136081,0,human,3
-2,3,136103,0,human,3
-3,2,136124,0,human,3
-7,4,136146,0,human,3
-7,4,136167,0,human,3
-4,7,136190,0,human,3
-5,6,136212,0,human,3
-2,3,136235,0,human,3
-4,6,136257,0,human,3
-2,1,136279,0,human,3
0,2,136302,0,human,3
-2,1,136325,0,human,3
-3,2,136347,0,human,3
-9,-2,136371,0,human,3
-7,-35,136393,0,human,3
-2,-81,136416,0,human,3
7,-10,136439,0,human,3
0,-1,136599,0,human,3
3,0,136698,0,human,3
9,4,136720,0,human,3
8,1,136743,0,human,3
5,1,136765,0,human,3
20,1,136787,0,human,3
21,1,136807,0,human,3
14,1,136830,0,human,3
9,0,136850,0,human,3
9,0,136873,0,human,3
9,1,136895,0,human,3
9,2,136916,0,human,3
8,3,136937,0,human,3
6,0,136959,0,human,3
0,1,137001,0,human,3
-2,1,137020,0,human,3
-4,1,137043,0,human,3
-4,2,137065,0,human,3
-4,1,137087,0,human,3
-6,2,137109,0,human,3
-3,0,137132,0,human,3
-6,0,137154,0,human,3
-26,0,137178,0,human,3
-31,0,137201,0,human,3
-48,1,137225,0,human,3
-24,1,137248,0,human,3
-4,1,137272,0,human,3
-2,2,137295,0,human,3
-3,1,137319,0,human,3
-13,6,137342,0,human,3
-53,9,137364,0,human,3
-39,15,137388,0,human,3
-9,9,137411,0,human,3
-4,10,137436,0,human,3
-2,12,137460,0,human,3
-2,7,137484,0,human,3
-7,10,137508,0,human,3
-27,23,137532,0,human,3
-36,30,137560,0,human,3
-3,6,137576,0,human,3
0,7,137602,0,human,3
1,18,137628,0,human,3
-9,34,137653,0,human,3
-18,24,137679,0,human,3
-17,11,137706,0,human,3
-8,3,137732,0,human,3
-1,2,137759,0,human,3
-2,-2,137970,0,human,3
-3,-5,137996,0,human,3
-13,-5,138026,0,human,3
-41,-13,138053,0,human,3
-20,-9,138091,0,human,3
-1,-3,138152,0,human,3
-24,-23,138185,0,human,3
-16,-28,138217,0,human,3
-6,-29,138249,0,human,3
-1,-11,138281,0,human,3
0,-1,138311,0,human,3
3,0,138343,0,human,3
5,1,138373,0,human,3
2,0,138404,0,human,3
0,3,138465,0,human,3
2,3,138495,0,human,3
0,1,138526,0,human,3
0,1,138643,0,human,3
2,2,138672,0,human,3
1,2,138702,0,human,3
1,1,138731,0,human,3
6,-7,138759,0,human,3
16,-12,138788,0,human,3
25,-10,138817,0,human,3
12,-4,138846,0,human,3
8,-1,138875,0,human,3
-2,0,138991,0,human,3
-5,0,139020,0,human,3
-3,0,139050,0,human,3
-3,0,139079,0,human,3
-12,0,139107,0,human,3
-15,-2,139133,0,human,3
-1,0,139160,0,human,3
-1,0,139187,0,human,3
6,0,139295,0,human,3
7,3,139321,0,human,3
5,1,139347,0,human,3
7,2,139374,0,human,3
2,1,139403,0,human,3
0,1,139430,0,human,3
2,1,139447,0,human,3
1,0,139473,0,human,3
3,1,139555,0,human,3
2,0,139580,0,human,3
1,0,139603,0,human,3
1,0,139629,0,human,3
1,0,139654,0,human,3
1,1,139728,0,human,3
4,2,139752,0,human,3
2,0,139777,0,human,3
-5,0,139971,0,human,3
-44,-5,139994,0,human,3
-51,0,140020,0,human,3
-52,0,140046,0,human,3
-31,0,140072,0,human,3
-8,0,140084,0,human,3
-5,2,140112,0,human,3
-7,7,140138,0,human,3
-7,9,140163,0,human,3
-4,6,140190,0,human,3
-1,3,140215,0,human,3
0,1,140242,0,human,3
0,1,140268,0,human,3
0,1,140294,0,human,3
-1,1,140320,0,human,3
-1,3,140370,0,human,3
-1,2,140395,0,human,3
0,1,140422,0,human,3
0,4,140462,0,human,3
0,3,140488,0,human,3
0,1,140515,0,human,3
0,1,140541,0,human,3
0,1,140567,0,human,3
-1,2,140593,0,human,3
-1,1,140619,0,human,3
-1,0,140643,0,human,3
-1,0,140694,0,human,3
-2,0,140744,0,human,3
-3,0,140770,0,human,3
-8,3,140795,0,human,3
-8,3,140821,0,human,3
-19,8,140847,0,human,3
-39,8,140872,0,human,3
-25,3,140899,0,human,3
-29,1,140925,0,human,3
-59,5,140951,0,human,3
-100,11,140976,0,human,3
-78,5,141003,0,human,3
-54,3,141028,0,human,3
-29,4,141058,0,human,3
-12,5,141086,0,human,3
-8,3,141114,0,human,3
-1,1,141142,0,human,3
-11,1,141171,0,human,3
-19,2,141200,0,human,3
-20,4,141230,0,human,3
-4,0,141261,0,human,3
-2,0,141796,0,human,3
-16,3,141821,0,human,3
-34,6,141847,0,human,3
-35,15,141871,0,human,3
-17,9,141896,0,human,3
-13,15,141921,0,human,3
-16,18,141952,0,human,3
-5,6,141980,0,human,3
0,2,142008,0,human,3
-3,3,142036,0,human,3
-8,4,142064,0,human,3
-9,2,142094,0,human,3
-18,0,142121,0,human,3
-19,0,142147,0,human,3
-4,0,142175,0,human,3
-1,-1,142202,0,human,3
-2,-2,142227,0,human,3
-1,-1,142249,0,human,3
0,-3,142324,0,human,3
6,-6,142349,0,human,3
9,-6,142373,0,human,3
6,-2,142398,0,human,3
2,-1,142423,0,human,3
3,-3,142543,0,human,3
1,-7,142567,0,human,3
0,-9,142591,0,human,3
-6,-8,142616,0,human,3
-8,-11,142640,0,human,3
-6,-9,142664,0,human,3
0,-1,142688,0,human,3
4,-2,142714,0,human,3
9,-9,142739,0,human,3
9,-10,142764,0,human,3
0,-1,142790,0,human,3
0,1,142915,0,human,3
0,1,142939,0,human,3
0,2,142965,0,human,3
0,1,142990,0,human,3
0,1,143015,0,human,3
5,0,143203,0,human,3
4,-1,143231,0,human,3
6,-4,143259,0,human,3
7,-4,143286,0,human,3
7,-10,143313,0,human,3
1,-3,143339,0,human,3
0,-2,143366,0,human,3
0,-2,143391,0,human,3
1,0,143467,0,human,3
6,0,143492,0,human,3
0,1,143695,0,human,3
0,1,143721,0,human,3
0,1,143746,0,human,3
0,1,143771,0,human,3
0,1,143795,0,human,3
1,1,143819,0,human,3
0,1,144980,0,human,3
-1,0,145028,0,human,3
-2,0,145054,0,human,3
-2,1,145079,0,human,3
6,-1,145175,0,human,3
24,-11,145202,0,human,3
25,-10,145227,0,human,3
48,-4,145251,0,human,3
18,0,145276,0,human,3
-1,1,145379,0,human,3
0,1,145403,0,human,3
-2,3,145427,0,human,3
-1,2,145451,0,human,3
-2,3,145475,0,human,3
-1,1,145498,0,human,3
-1,0,145660,0,human,3
-1,1,145683,0,human,3
-2,1,145707,0,human,3
-1,2,145730,0,human,3
-1,0,145752,0,human,3
-2,0,145799,0,human,3
-1,0,145843,0,human,3
-2,0,145867,0,human,3
-1,1,145915,0,human,3
-1,0,145939,0,human,3
-2,0,145963,0,human,3
-1,0,145986,0,human,3
-2,0,146013,0,human,3
-1,0,146063,0,human,3
-1,0,146115,0,human,3
79,5,146816,0,human,3
217,3,146843,0,human,3
144,0,146857,0,human,3
304,0,146885,0,human,3
373,2,146915,0,human,3
214,2,146941,0,human,3
201,2,146980,0,human,3
64,0,147007,0,human,3
56,0,147031,0,human,3
64,0,147055,0,human,3
16,-18,147081,0,human,3
16,-14,147107,0,human,3
35,-1,147132,0,human,3
8,0,147157,0,human,3
-11,-7,147233,0,human,3
-20,-7,147259,0,human,3
-4,-1,147284,0,human,3
-1,-1,147460,0,human,3
-31,-23,147486,0,human,3
-104,-76,147514,0,human,3
-25,-32,147544,0,human,3
-2,-7,147570,0,human,3
-2,0,147621,0,human,3
-1,10,147647,0,human,3
0,4,147674,0,human,3
0,4,147699,0,human,3
2,6,147725,0,human,3
1,8,147750,0,human,3
3,9,147775,0,human,3
3,4,147800,0,human,3
0,6,147825,0,human,3
0,10,147850,0,human,3
-5,22,147886,0,human,3
-5,9,147915,0,human,3
-3,4,147943,0,human,3
-2,4,147973,0,human,3
-2,3,148002,0,human,3
-4,9,148031,0,human,3
-3,4,148062,0,human,3
-1,0,148087,0,human,3
-8,-3,148114,0,human,3
-8,-5,148139,0,human,3
-23,-9,148166,0,human,3
-7,0,148193,0,human,3
-2,0,148219,0,human,3
0,1,148246,0,human,3
0,1,148272,0,human,3
0,3,148400,0,human,3
2,2,148427,0,human,3
5,3,148452,0,human,3
12,1,148479,0,human,3
3,1,148505,0,human,3
4,1,148530,0,human,3
15,11,148555,0,human,3
32,14,148581,0,human,3
10,2,148607,0,human,3
1,0,148633,0,human,3
1,0,148659,0,human,3
1,0,148685,0,human,3
15,5,148741,0,human,3
34,5,148769,0,human,3
6,0,148797,0,human,3
2,0,148881,0,human,3
29,12,148910,0,human,3
46,16,148939,0,human,3
7,3,148967,0,human,3
-2,0,149111,0,human,3
-6,0,149139,0,human,3
0,1,149167,0,human,3
-1,1,149194,0,human,3
0,3,149222,0,human,3
2,2,149251,0,human,3
17,7,149278,0,human,3
68,11,149305,0,human,3
22,-1,149335,0,human,3
2,-1,149364,0,human,3
42,0,149395,0,human,3
36,2,149426,0,human,3
60,1,149458,0,human,3
70,2,149488,0,human,3
21,-4,149519,0,human,3
18,-9,149551,0,human,3
40,-2,149581,0,human,3
36,-2,149611,0,human,3
26,-10,149644,0,human,3
20,-17,149675,0,human,3
1,-15,149704,0,human,3
1,-4,149733,0,human,3
5,-5,149762,0,human,3
13,-6,149791,0,human,3
3,-2,149819,0,human,3
-1,0,149847,0,human,3
-1,0,149875,0,human,3
1,0,149905,0,human,3
13,-3,149935,0,human,3
22,-1,149965,0,human,3
10,3,149995,0,human,3
33,20,150027,0,human,3
102,32,150059,0,human,3
212,53,150088,0,human,3
183,30,150119,0,human,3
43,6,150148,0,human,3
37,9,150177,0,human,3
17,6,150204,0,human,3
0,-3,150431,0,human,3
1,0,150459,0,human,3
16,-1,150487,0,human,3
157,5,150515,0,human,3
73,0,150546,0,human,3
1,-1,150575,0,human,3
2,0,150606,0,human,3
29,0,150634,0,human,3
81,-8,150663,0,human,3
26,-20,150690,0,human,3
6,-13,150718,0,human,3
3,-6,150745,0,human,3
0,-2,150773,0,human,3
1,0,150830,0,human,3
5,0,150859,0,human,3
12,0,150890,0,human,3
16,-1,150919,0,human,3
24,-8,150947,0,human,3
20,-10,150975,0,human,3
8,-5,151003,0,human,3
3,-2,151031,0,human,3
1,-1,151059,0,human,3
14,-5,151086,0,human,3
15,-9,151113,0,human,3
8,-7,151139,0,human,3
1,-4,151167,0,human,3
-1,-3,151195,0,human,3
-5,2,151250,0,human,3
-1,4,151278,0,human,3
0,5,151305,0,human,3
1,2,151332,0,human,3
2,0,151359,0,human,3
4,-2,151387,0,human,3
2,-1,151413,0,human,3
4,0,151466,0,human,3
2,2,151493,0,human,3
6,4,151519,0,human,3
6,3,151547,0,human,3
3,0,151575,0,human,3
1,0,151602,0,human,3
0,-1,151628,0,human,3
1,0,151708,0,human,3
28,6,151735,0,human,3
35,3,151761,0,human,3
16,-1,151787,0,human,3
0,-2,151813,0,human,3
-1,-2,151947,0,human,3
-4,-4,151974,0,human,3
-3,-5,152000,0,human,3
-3,-4,152027,0,human,3
-1,-2,152054,0,human,3
0,-1,152080,0,human,3
0,-1,152108,0,human,3
-1,-3,152135,0,human,3
-2,0,152162,0,human,3
0,-1,152189,0,human,3
1,0,152319,0,human,3
0,-2,152345,0,human,3
1,0,152371,0,human,3
2,0,152396,0,human,3
4,0,152423,0,human,3
3,-1,152449,0,human,3
0,-2,152476,0,human,3
-2,-2,152504,0,human,3
-6,0,152532,0,human,3
-4,0,152562,0,human,3
-2,-1,152591,0,human,3
-10,-6,152621,0,human,3
-1,-2,152651,0,human,3
-1,0,152679,0,human,3
-4,0,152709,0,human,3
-3,1,152738,0,human,3
-2,0,152767,0,human,3
-1,0,152797,0,human,3
-6,0,152826,0,human,3
-1,0,152855,0,human,3
-1,1,152884,0,human,3
-2,0,152913,0,human,3
-6,-1,152941,0,human,3
-10,-8,152971,0,human,3
-8,-5,152999,0,human,3
0,-1,153029,0,human,3
0,-1,153057,0,human,3
-1,0,153111,0,human,3
-3,0,153139,0,human,3
-4,0,153167,0,human,3
-1,0,153195,0,human,3
-1,0,153249,0,human,3
-1,0,153379,0,human,3
-2,0,153405,0,human,3
-5,1,153431,0,human,3
-20,0,153456,0,human,3
-29,0,153483,0,human,3
-19,0,153509,0,human,3
-21,0,153535,0,human,3
-31,0,153562,0,human,3
-28,0,153588,0,human,3
-27,0,153614,0,human,3
-25,1,153641,0,human,3
-26,0,153668,0,human,3
-19,0,153695,0,human,3
-13,0,153723,0,human,3
-8,0,153750,0,human,3
-3,0,153775,0,human,3
-8,0,153802,0,human,3
-19,0,153829,0,human,3
-13,0,153855,0,human,3
-9,2,153882,0,human,3
-3,0,153907,0,human,3
0,1,153986,0,human,3
-1,0,154011,0,human,3
-2,1,154064,0,human,3
-4,1,154091,0,human,3
-5,3,154116,0,human,3
-4,3,154143,0,human,3
0,1,154171,0,human,3
1,8,154199,0,human,3
20,23,154229,0,human,3
12,5,154262,0,human,3
0,-5,154291,0,human,3
-1,-2,154327,0,human,3
-6,0,154360,0,human,3
-13,-5,154392,0,human,3
-7,-3,154424,0,human,3
-35,-9,154455,0,human,3
-29,-3,154487,0,human,3
-13,-1,154516,0,human,3
-24,-1,154551,0,human,3
-17,-3,154585,0,human,3
-8,0,154613,0,human,3
-4,0,154641,0,human,3
-45,0,154668,0,human,3
-43,-1,154697,0,human,3
-28,-3,154725,0,human,3
-24,-7,154753,0,human,3
-1,-2,154900,0,human,3
0,-1,154931,0,human,3
-2,0,154962,0,human,3
-5,-3,154991,0,human,3
-23,-11,155020,0,human,3
-31,-18,155048,0,human,3
-11,-6,155077,0,human,3
-1,0,155106,0,human,3
-1,0,155135,0,human,3
-10,0,155168,0,human,3
-18,-6,155208,0,human,3
-1,0,155287,0,human,3
-9,0,155325,0,human,3
-12,-2,155360,0,human,3
0,1,155466,0,human,3
-1,0,155496,0,human,3
-3,0,155527,0,human,3
-16,0,155559,0,human,3
-18,1,155591,0,human,3
-19,0,155620,0,human,3
-5,0,155651,0,human,3
0,1,155739,0,human,3
1,1,155771,0,human,3
1,0,155803,0,human,3
0,1,155836,0,human,3
1,1,155869,0,human,3
-2,0,156001,0,human,3
-1,0,156032,0,human,3
-1,1,156062,0,human,3
-2,0,156124,0,human,3
-1,0,156155,0,human,3
-2,0,161610,0,human,3
-2,0,161640,0,human,3
-11,1,162004,0,human,3
-4,0,162034,0,human,3
0,-4,162063,0,human,3
0,-2,162091,0,human,3
1,-3,162120,0,human,3
1,-3,162149,0,human,3
1,5,162687,0,human,3
2,2,162714,0,human,3
-1,1,163053,0,human,3
-2,0,163082,0,human,3
-2,1,163110,0,human,3
0,1,163138,0,human,3
3,2,163166,0,human,3
17,0,163193,0,human,3
24,0,163220,0,human,3
15,-1,163247,0,human,3
22,0,163275,0,human,3
27,-1,163302,0,human,3
21,0,163329,0,human,3
22,-1,163356,0,human,3
15,-1,163384,0,human,3
9,0,163413,0,human,3
10,0,163440,0,human,3
28,0,163468,0,human,3
26,-1,163496,0,human,3
29,-2,163524,0,human,3
27,-1,163551,0,human,3
20,-1,163579,0,human,3
65,0,163607,0,human,3
100,0,163634,0,human,3
12,0,163661,0,human,3
-1,0,163688,0,human,3
-2,0,163715,0,human,3
-15,0,163743,0,human,3
-8,1,163770,0,human,3
-1,1,163796,0,human,3
4,1,163847,0,human,3
16,3,163873,0,human,3
39,7,163898,0,human,3
17,1,163915,0,human,3
36,6,163939,0,human,3
40,1,163962,0,human,3
20,0,163987,0,human,3
1,17,164076,0,human,3
3,26,164099,0,human,3
0,52,164121,0,human,3
-13,63,164143,0,human,3
-25,115,164166,0,human,3
-8,34,164188,0,human,3
-1,7,164211,0,human,3
2,1,164474,0,human,3
9,0,164499,0,human,3
45,4,164524,0,human,3
111,-6,164552,0,human,3
112,-52,164579,0,human,3
10,-24,164607,0,human,3
-2,-11,164633,0,human,3
-1,-5,164661,0,human,3
-1,-1,164689,0,human,3
-3,0,164718,0,human,3
-3,0,164746,0,human,3
-15,-10,164772,0,human,3
-17,-10,164799,0,human,3
-6,-9,164825,0,human,3
-3,-6,164851,0,human,3
0,-7,164878,0,human,3
0,-8,164904,0,human,3
0,-10,164931,0,human,3
-1,-16,164957,0,human,3
-7,-20,164985,0,human,3
-5,-10,165013,0,human,3
-2,-3,165043,0,human,3
-1,0,165071,0,human,3
-5,0,165101,0,human,3
-2,0,165129,0,human,3
-1,0,165183,0,human,3
-1,1,165286,0,human,3
0,1,165312,0,human,3
-2,2,165337,0,human,3
-1,1,165388,0,human,3
-2,0,165413,0,human,3
-3,0,165438,0,human,3
-36,0,165463,0,human,3
-77,-1,165486,0,human,3
-65,-7,165511,0,human,3
-31,-8,165535,0,human,3
-19,-5,165559,0,human,3
-19,-11,165581,0,human,3
-26,-10,165606,0,human,3
-29,-8,165628,0,human,3
-48,-8,165651,0,human,3
-42,-4,165674,0,human,3
-52,-1,165696,0,human,3
-26,-2,165719,0,human,3
-29,-2,165742,0,human,3
-26,-3,165765,0,human,3
-35,-3,165788,0,human,3
-32,-3,165811,0,human,3
-19,0,165835,0,human,3
-23,0,165858,0,human,3
-22,0,165881,0,human,3
-15,0,165904,0,human,3
-27,1,165926,0,human,3
-22,1,165950,0,human,3
-30,2,165973,0,human,3
3,-1,166163,0,human,3
-10,-1,166187,0,human,3
-6,0,166213,0,human,3
-4,0,166238,0,human,3
-4,0,166263,0,human,3
-11,0,166289,0,human,3
-15,1,166314,0,human,3
-17,0,166338,0,human,3
-33,0,166364,0,human,3
-38,0,166390,0,human,3
-25,0,166415,0,human,3
-6,0,166439,0,human,3
-5,2,166463,0,human,3
0,1,166487,0,human,3
-1,0,166723,0,human,3
-6,-2,166747,0,human,3
-7,-1,166770,0,human,3
-19,-2,166793,0,human,3
-32,-4,166817,0,human,3
-44,-4,166840,0,human,3
-33,-2,166864,0,human,3
-29,-2,166888,0,human,3
-21,-1,166912,0,human,3
-22,0,166936,0,human,3
-44,-1,166960,0,human,3
-56,0,166984,0,human,3
-57,-1,167008,0,human,3
-51,-1,167033,0,human,3
-36,-1,167058,0,human,3
-12,0,167083,0,human,3
-1,0,167109,0,human,3
-2,0,167135,0,human,3
-3,0,167161,0,human,3
-10,0,167187,0,human,3
-24,3,167214,0,human,3
-21,0,167239,0,human,3
-17,2,167271,0,human,3
-3,0,167291,0,human,3
-1,0,167316,0,human,3
-2,0,167342,0,human,3
-6,0,167367,0,human,3
-11,0,167391,0,human,3
-20,0,167417,0,human,3
-22,0,167443,0,human,3
-9,0,167471,0,human,3
-6,-1,167507,0,human,3
-15,0,167535,0,human,3
-16,0,167563,0,human,3
-6,-2,167591,0,human,3
-8,-4,167619,0,human,3
-7,-13,167647,0,human,3
-17,-18,167675,0,human,3
-27,-23,167703,0,human,3
-17,-8,167730,0,human,3
-13,-1,167756,0,human,3
-13,0,167783,0,human,3
-13,0,167810,0,human,3
-3,0,167837,0,human,3
-2,0,167891,0,human,3
-3,1,167918,0,human,3
-2,2,167945,0,human,3
-5,4,167972,0,human,3
-3,1,167999,0,human,3
2,7,168027,0,human,3
18,17,168054,0,human,3
4,5,168082,0,human,3
-9,-5,168307,0,human,3
-14,-2,168335,0,human,3
-18,-2,168364,0,human,3
-5,0,168393,0,human,3
-9,0,168422,0,human,3
-23,-3,168451,0,human,3
-70,-7,168480,0,human,3
-109,-7,168509,0,human,3
-187,-25,168541,0,human,3
-71,-21,168571,0,human,3
-19,-12,168602,0,human,3
-33,-15,168634,0,human,3
-45,-9,168666,0,human,3
-57,-3,168696,0,human,3
-67,-1,168728,0,human,3
-42,0,168759,0,human,3
-66,6,168790,0,human,3
-176,42,168818,0,human,3
-208,44,168846,0,human,3
-219,62,168875,0,human,3
-207,81,168904,0,human,3
-66,39,168935,0,human,3
1,17,168965,0,human,3
1,2,168995,0,human,3
0,-1,169055,0,human,3
-2,-1,169116,0,human,3
-5,-7,169148,0,human,3
-14,-27,169176,0,human,3
-15,-40,169204,0,human,3
-7,-24,169231,0,human,3
-3,-26,169260,0,human,3
0,-4,169288,0,human,3
-2,0,169445,0,human,3
-1,-2,169471,0,human,3
-1,0,169498,0,human,3
0,1,169554,0,human,3
11,1,169583,0,human,3
0,2,169751,0,human,3
0,1,169806,0,human,3
-1,0,169861,0,human,3
-1,1,169889,0,human,3
-1,0,169918,0,human,3
-2,0,169946,0,human,3
0,1,169999,0,human,3
0,3,170027,0,human,3
5,6,170056,0,human,3
13,11,170083,0,human,3
5,3,170112,0,human,3
6,2,170140,0,human,3
13,7,170169,0,human,3
4,7,170197,0,human,3
0,14,170225,0,human,3
1,14,170254,0,human,3
1,1,170282,0,human,3
1,2,170310,0,human,3
0,1,176085,0,human,3
0,7,176108,0,human,3
2,21,176132,0,human,3
1,32,176156,0,human,3
0,18,176180,0,human,3
0,18,176209,0,human,3
-1,13,176230,0,human,3
-2,9,176255,0,human,3
-7,15,176280,0,human,3
-1,2,176303,0,human,3
-1,1,176328,0,human,3
-1,1,176378,0,human,3
-2,1,176402,0,human,3
-1,0,176471,0,human,3
-1,0,176496,0,human,3
-1,0,176520,0,human,3
0,-1,176566,0,human,3
-1,0,176589,0,human,3
-1,0,176722,0,human,3
-1,0,176746,0,human,3
-1,-1,176770,0,human,3
-2,0,176794,0,human,3
-4,-1,176819,0,human,3
-3,-3,176843,0,human,3
0,-1,176870,0,human,3
-1,-1,177041,0,human,3
-46,-25,177068,0,human,3
-38,-19,177094,0,human,3
-29,-10,177119,0,human,3
-36,-9,177145,0,human,3
-59,-1,177169,0,human,3
-199,-5,177204,0,human,3
-115,0,177234,0,human,3
-70,0,177263,0,human,3
-29,0,177291,0,human,3
-25,0,177319,0,human,3
-8,0,177347,0,human,3
-4,0,177375,0,human,3
-7,0,177403,0,human,3
-19,0,177431,0,human,3
-38,-1,177463,0,human,3
-36,-5,177491,0,human,3
-28,-1,177521,0,human,3
-8,0,177550,0,human,3
1,0,177608,0,human,3
1,0,177637,0,human,3
0,1,177787,0,human,3
0,1,177903,0,human,3
-2,1,177931,0,human,3
-3,2,177960,0,human,3
-3,2,177988,0,human,3
6,0,178101,0,human,3
39,0,178129,0,human,3
145,4,178157,0,human,3
140,3,178186,0,human,3
92,0,178215,0,human,3
29,0,178245,0,human,3
9,0,178264,0,human,3
9,0,178291,0,human,3
1,0,178317,0,human,3
6,0,178353,0,human,3
11,1,178379,0,human,3
7,0,178404,0,human,3
4,0,178429,0,human,3
6,0,178456,0,human,3
1,0,178471,0,human,3
2,0,178507,0,human,3
17,0,178533,0,human,3
1,0,178699,0,human,3
-6,-5,178724,0,human,3
-10,-4,178750,0,human,3
-3,-2,178775,0,human,3
-3,-1,178801,0,human,3
-11,-1,178824,0,human,3
-21,0,178851,0,human,3
-13,0,178877,0,human,3
-42,0,178903,0,human,3
-209,-2,178930,0,human,3
-139,0,178975,0,human,3
-8,0,178975,0,human,3
-20,4,179005,0,human,3
-26,9,179035,0,human,3
-7,2,179066,0,human,3
-3,1,179096,0,human,3
-31,6,179126,0,human,3
-50,2,179155,0,human,3
-52,1,179185,0,human,3
-93,0,179215,0,human,3
-68,0,179246,0,human,3
-35,2,179275,0,human,3
-48,9,179305,0,human,3
-21,16,179335,0,human,3
0,2,179366,0,human,3
7,-1,179516,0,human,3
-52,-3,179546,0,human,3
-56,0,179575,0,human,3
-139,0,179605,0,human,3
-214,8,179635,0,human,3
-78,8,179663,0,human,3
-14,7,179684,0,human,3
-2,5,179710,0,human,3
0,1,179735,0,human,3
0,1,179761,0,human,3
1,2,179787,0,human,3
8,0,180025,0,human,3
